time_imf,b_imf,rho,ps,p_dyn,sym_h,tp,ca
2015-09-02 16:47:30,3.9169106,3.314714981613159e-26,0.305502214892114,5.045054804834037,5.6,17547.5,79.86038177591914,
2015-09-02 16:47:30,3.9169106,3.314714981613159e-26,0.305502214892114,5.045054804834037,5.6,17547.5,79.86038177591914,
2015-09-02 17:05:30,4.45481,3.415854082641601e-26,0.3050461985587272,5.156320575662027,8.0,17779.5,131.448260992081,
2015-09-03 17:14:30,7.413509,2.2225645229339597e-26,0.29799886296302747,3.8993565750110393,4.2,57892.3,47.77051039470385,
2015-09-07 13:51:30,9.468134,1.1575255963325499e-26,0.22517682150765778,3.252958724150005,-19.7,226168.0,265.44136531891525,
2015-09-07 13:58:30,5.9096904,9.700526146697996e-27,0.22873556900164033,2.844316182529463,-21.7,250516.88,225.08403830592516,
2015-09-07 14:12:30,12.974006,8.1853595413208e-27,0.23550503668696496,2.5315015477682254,-28.0,181259.6,120.44859650361232,
2015-09-07 17:08:30,9.255769,1.4118158486557004e-26,0.2724680450884657,5.061856220716311,-35.1,235588.0,86.79715604792993,
2015-09-09 13:52:30,7.7925606,1.6982169174575803e-26,0.2130186651177371,2.814075780177518,-81.0,35479.7,201.91830426404636,
2015-09-09 14:09:30,7.9270887,1.7455178532028196e-26,0.2213783745358555,2.939695217666056,-83.8,31804.6,201.41485102032473,
2015-09-09 18:55:30,8.912787,1.9529880641555785e-26,0.2334722185205376,3.393873136329701,-75.3,30055.2,182.99746448943878,
2015-09-11 08:12:30,16.11731,1.5657359725189207e-26,-0.024839580642703432,4.699659390423529,-46.0,318268.2,184.1420266094145,
2015-09-11 09:47:30,10.637973,2.3765809173583982e-26,0.0361153037607533,8.0038639427204,-62.9,385427.3,70.65574564284316,
2015-09-11 11:52:30,6.8260236,1.0014582722091674e-26,0.1258852441773504,3.968236995720019,-51.8,299696.5,157.38367772353502,
2015-09-11 15:09:30,5.6187634,1.2548192844009398e-26,0.23192357705172473,4.882060374878743,-86.6,297549.8,8.584651324377464,
2015-09-11 16:18:30,2.8839886,1.2762584633255004e-26,0.24564395275773557,5.284759891658522,-69.2,271028.25,146.1871125416732,
2015-09-13 11:14:30,4.7217984,1.1586792844009397e-26,0.08616111307236084,2.562426271528203,-27.0,52247.5,140.83388347778398,
2015-09-13 15:04:30,5.6944675,1.116377816429138e-26,0.21730459197515362,2.3827075661640125,-31.6,37478.8,171.02165304308286,
2015-09-14 10:02:30,9.140738,1.754170284500122e-26,0.027750697725991782,3.647335865165162,-10.1,92343.7,108.67979124289766,
2015-09-14 15:44:30,5.4608183,1.1429977268409728e-26,0.22097001565315033,2.3857534248826107,-44.6,178967.89,202.719772321634,
2015-09-14 15:50:30,4.193034,1.0741241169929504e-26,0.22207781902881388,2.5675979599639285,-45.3,198359.25,177.54826762524524,
2015-09-14 15:53:30,4.6074724,1.0097446003150939e-26,0.2225890537750492,2.55572986521683,-45.2,202622.28,153.14188436214698,
2015-09-15 11:19:30,4.7661953,8.873722476768494e-27,0.0770814532000136,2.373210643723774,-17.0,181800.75,101.86068746990784,
2015-09-15 11:42:30,5.32629,1.0048004193496702e-26,0.09350303940285665,2.686093416173649,-20.4,197825.28,121.9046425704973,
2015-09-15 12:01:30,5.661597,8.611397116661071e-27,0.10678189762960891,2.319627911574692,-20.8,155656.0,48.511206844151296,
2015-09-15 13:03:30,4.6629205,7.652744495105742e-27,0.1471684319810039,1.9397679842855335,-26.5,109021.0,0.6879908144693684,
2015-09-16 12:55:30,4.160314,9.974524999999999e-27,0.1358454161047353,2.1278638855549477,-13.3,107162.25,121.14834938408012,
2015-09-18 11:55:30,5.988276,1.3661494953536985e-26,0.08342610971629802,2.170596896991544,-31.5,56293.6,89.61208874075646,
2015-09-18 12:34:30,6.8472314,1.062923908214569e-26,0.10966385613673171,1.890344589908814,-30.5,43161.3,167.60009709912165,
2015-09-19 09:12:30,8.079495,2.1189256880187987e-26,-0.03889070648738297,3.6468560533965,-28.7,85091.555,260.0597226680788,
2015-09-19 09:27:30,7.988299,2.1323852293395993e-26,-0.028724481549047092,3.688480644575395,-25.6,77904.0,260.7310756219777,
2015-09-19 09:47:30,7.6654305,2.1198869266510006e-26,-0.014813931517260008,3.5854292534887007,-21.6,76136.2,256.4582868621361,
2015-09-20 11:39:30,8.18374,1.0646818086624144e-26,0.05936354155564599,2.738428043060163,-77.1,349766.0,162.66337297081984,
2015-09-20 12:25:30,9.104535,9.575544953536987e-27,0.09087186551393407,2.843608566782445,-68.0,478738.88,125.74094126124002,
2015-09-22 13:46:30,5.8827834,7.27459373064041e-27,0.12567674847897303,2.6243827983500685,-16.1,146523.5,291.05753217837366,
2015-09-22 14:07:30,4.853597,6.66057917432785e-27,0.13585319596308779,2.440203253568959,-16.2,254068.8,271.3725240092359,
2015-09-23 08:57:30,8.470123,9.2486678899765e-27,-0.07466376348160551,2.1551184051625945,-22.9,81545.89,235.45704659842352,
2015-09-23 15:02:30,8.408279,1.1017644036674497e-26,0.15046395245423907,3.0770786596374697,-12.2,102832.875,71.6926571513103,
2015-09-23 17:00:30,10.368492,5.033463200759887e-27,0.16543225336049333,1.31838362570514,-26.3,87360.555,212.75148972168518,
2015-09-25 09:14:30,5.607776,1.2149959123611448e-26,-0.07633177992826357,2.508473645625828,-1.0,145906.11,168.3980544394759,
2015-09-25 09:40:30,5.95309,1.1894440550613402e-26,-0.058411947750206916,2.377499915696866,-6.1,131877.8,164.02946544633576,
2015-09-25 09:58:30,6.126968,1.1865599724197386e-26,-0.04566642716619755,2.3973010376823494,-4.5,113211.5,216.46420296958567,
2015-09-25 14:49:30,4.0995646,1.1152239449882506e-26,0.13289272175876032,2.407070543063592,-6.7,137591.58,350.1798033132604,
2015-09-30 10:19:30,2.9110148,1.5677229969024654e-26,-0.06280999113453908,1.6102117175448516,6.8,19021.445,297.56776796690633,
2015-10-01 06:53:30,3.8941975,3.6646645229339597e-26,-0.19416741033153043,3.4126564643571005,13.9,18300.4,191.27033987631995,
2015-10-03 07:06:30,10.518133,9.985100091934204e-27,-0.20185468780362123,1.5344625053018686,-31.2,53095.0,140.62038542470773,
2015-10-03 14:48:30,8.833843,1.589915286674499e-26,0.07938062461309951,2.1110030975293386,-8.2,32450.625,190.7249629314728,
2015-10-05 11:45:30,3.3286567,1.062484364337921e-26,-0.03321544449679305,2.4435754514721695,-14.4,149890.14,196.02139214222416,
2015-10-06 09:57:30,4.4064527,1.225098269996643e-26,-0.11720114554834894,1.8581313343284303,3.6,33403.285,88.98479733719333,
2015-10-08 09:35:30,4.7046447,4.4306806683540345e-27,-0.14559652499423367,2.3546101831038,-44.4,172753.58,188.31823649439207,
2015-10-08 10:31:30,4.427964,4.730088073348998e-27,-0.10536253142020255,2.5876994348528415,-38.5,205098.56,158.10412607718797,
2015-10-14 13:22:30,3.6639922,6.537520183372497e-27,-0.02988855178394076,1.7542810517546528,-21.9,155164.5,192.03271193109845,
2015-10-16 11:27:30,2.3646133,1.0152383486557006e-26,-0.11528470031824847,1.617975166850056,-8.7,66988.6,242.82026373126408,
2015-10-18 15:03:30,4.6302633,1.0848437064552306e-26,-0.013217739047958222,2.157717998958076,-31.0,148681.0,168.34201956752514,
2015-10-19 12:33:30,2.9637933,8.346874954032898e-27,-0.08956767901048894,1.1962379497623579,-3.0,62555.9,131.18296278433937,
2015-10-21 14:58:30,5.9542994,1.25366559633255e-26,-0.03327658155414876,2.7477921743088487,4.7,123926.14,191.1244470356485,
2015-10-22 15:16:30,4.874272,1.05874173166275e-26,-0.03466991302777269,1.642552468306614,-1.6,43709.75,143.69310994737805,
2015-10-22 15:17:30,4.7548676,1.0602868283271789e-26,-0.03443465182918743,1.6515648191503636,-1.7,43355.0,145.85041153634825,
2015-10-23 14:28:30,6.1554365,1.0229296330070494e-26,-0.05540298112400648,1.9312179936489886,6.0,98893.664,224.7015203916478,
2015-11-01 03:25:30,8.3469715,1.9035719266510008e-26,-0.4099235594880243,2.399096879150098,-17.2,46173.332,109.45830303468489,
2015-11-03 15:41:30,10.036154,1.181368238582611e-26,-0.09941656194861045,4.759996714861758,-36.2,324994.6,68.69458659626822,
2015-11-04 03:34:30,5.379112,6.266405321025848e-27,-0.4283984352213532,2.574801466137646,-35.9,214656.7,28.49480814176825,
2015-11-04 07:26:30,5.9674654,9.725521651840207e-27,-0.3876546983313956,4.918057246273929,-37.7,343917.7,125.24001518751129,
2015-11-06 13:23:30,6.6670485,7.571986788749694e-27,-0.16371585292106505,1.5798930472958936,-23.4,70357.8,106.14598230611969,
2015-11-06 13:52:30,6.5243154,9.613999999999998e-27,-0.14949720527111243,2.4043625,-26.3,nan,354.3972760785613,
2015-11-07 13:28:30,14.777466,3.0123867736339564e-27,-0.16630403241437244,0.9467902300223288,-76.8,34819.89,241.59897126615243,
2015-11-10 02:47:30,8.729377,1.0383120183372496e-26,-0.4462295189852109,3.5045080302774645,-40.4,411943.9,125.36246681895128,
2015-11-15 14:08:30,7.203126,1.754875535125732e-26,-0.1863365599724656,2.909132047637253,-11.9,42289.89,79.16818308467336,
2015-11-21 01:46:30,7.274682,7.954898820114134e-27,-0.4671227802929592,1.3226968473297989,-12.2,99456.86,241.5420348092312,
2015-12-02 08:15:30,5.160313,5.043504220294952e-27,-0.47737209024548993,0.9513818466383225,-9.4,97264.6,133.24622632881685,
2015-12-05 23:43:30,6.2424097,1.258152171230316e-26,-0.4307659152041859,2.7148350958228837,-8.2,157302.44,91.07361944954496,
2015-12-06 23:32:30,8.399443,1.0302362935447691e-26,-0.4246059162179145,2.667294154761942,-21.0,153476.4,304.71626444280923,
2015-12-07 00:30:30,8.665493,1.025706901168823e-26,-0.46530517226843077,2.703572407524056,-15.5,199410.11,222.70139511585793,
2015-12-08 00:07:30,4.425279,4.377574617767333e-27,-0.45116958862205325,1.6582284836083467,-13.4,207599.22,156.61155215862175,
2015-12-08 10:26:30,4.0587354,5.270875573348998e-27,-0.4017805973688345,1.6656729855682657,-5.8,178087.5,103.14465375084352,
2015-12-10 12:13:30,4.441244,9.527473853302001e-27,-0.3304667655788823,3.3007127987845184,-7.0,249490.75,220.4183224235111,
2015-12-11 11:31:30,5.258493,8.801616743278503e-27,-0.36084345448290767,3.3521543468712394,-10.6,178262.38,122.67139960672293,
2015-12-12 00:26:30,4.736133,7.295103486061096e-27,-0.4695079523575488,2.9256260276838684,-3.1,206993.0,95.50824954176997,
2015-12-15 23:43:30,7.907991,4.326299999999999e-27,-0.4423836187954396,1.308021851773009,-12.2,194507.33,278.03939652600445,
2015-12-17 02:22:30,5.0766077,9.697320795440673e-27,-0.5409322301351218,1.4103030714925153,-4.2,47634.668,140.07371074391827,
2015-12-17 10:12:30,3.798365,7.169640481662749e-27,-0.42615079416506546,1.3504155702036391,4.7,210820.5,124.7472306992732,
2015-12-23 11:09:30,7.0483365,1.4683783791351317e-26,-0.38826272464792716,3.169757829310948,-13.0,169151.56,284.57945292045343,
2015-12-25 09:11:30,5.139492,1.3780066361045835e-26,-0.4731677067602758,3.2149972650066636,-1.9,170753.11,202.0025478172693,
2015-12-26 21:45:30,7.2288437,9.957356749916075e-27,-0.35477814704990696,3.54843536376773,-13.6,202993.86,27.517573703626798,
2015-12-28 22:21:30,4.880757,1.7544482772064206e-26,-0.37778593456963333,2.6544450195859906,8.2,61068.223,140.50117130293432,
2015-12-30 01:06:30,4.8011928,1.1472706727790831e-26,-0.4928388334860704,1.5856585577421725,-1.4,71350.445,42.163430520121956,
2016-01-03 21:54:30,1.7907902,8.614144036674499e-27,-0.34899056611262924,1.8197130332826317,-20.2,92226.29,105.79366748835209,
2016-01-03 22:27:30,4.837411,6.045832503318786e-27,-0.37222352929300184,1.1089419149956998,-23.5,63047.57,50.25139902579256,
2016-01-04 01:23:30,4.4036713,6.414942086791992e-27,-0.49498227145492874,1.137835631501189,-19.1,65340.875,78.18410308943626,
2016-01-04 08:33:30,4.337394,9.255879013442992e-27,-0.49025039150805877,1.8309981338059154,-8.1,65711.75,58.59985387093452,
2016-01-06 22:27:30,5.4688706,8.485957492256163e-27,-0.365591243652699,2.513913543043636,-23.0,235245.0,125.69476918245073,
2016-01-07 21:41:30,4.428644,7.513341055011748e-27,-0.33109698508569485,2.2213863322003506,-17.4,101420.75,66.18935517097759,
2016-01-07 23:15:30,3.7538447,7.270930865001678e-27,-0.3978846530416442,2.1179168851828702,-15.6,113026.43,147.5882165668746,
2016-01-08 08:45:30,4.3523054,8.53448519001007e-27,-0.4757248782099081,2.320596181996929,-14.5,93695.57,273.6363355681233,
2016-01-08 22:25:30,1.6266701,6.379850550365447e-27,-0.3591334795846892,1.5013642967416254,-8.7,69219.336,98.02438877916512,
2016-01-10 09:12:30,5.1928105,1.2692401560401916e-26,-0.4536972532815719,2.3582766864273443,-5.0,68046.3,152.48100891843487,
2016-01-10 20:51:30,4.037488,7.531608164787292e-27,-0.2911377861152901,1.4082974543181974,-5.3,57432.1,163.8720159255886,
2016-01-10 20:55:30,4.089409,7.845024770164488e-27,-0.29355126374726537,1.4567491446788616,-5.6,56424.3,148.27052514420217,
2016-01-11 06:47:30,6.243319,1.446266131458282e-26,-0.5297110702137388,2.1949132374507605,-12.3,55672.832,243.5416956321575,
2016-01-13 21:34:30,4.9880466,6.58558990831375e-27,-0.3093227424085009,1.7208972392994268,-7.8,133939.5,177.70939178776584,
2016-01-14 07:42:30,4.986609,4.547421559906005e-27,-0.49765215766207493,1.2860772038101125,-9.5,131842.17,246.95410595282007,
2016-01-17 05:31:30,5.799038,1.2786619266510007e-26,-0.5302460394595002,1.3084485428612005,4.8,59746.0,86.37273492309451,
2016-01-17 07:00:30,6.4181786,1.0758065596580504e-26,-0.5075214333709277,1.3661274707689692,1.7,35401.1,122.73277568660467,
2016-01-22 22:12:30,6.1207147,6.523099311733245e-27,-0.30216924804711326,1.735291101689448,-27.8,131982.62,280.4522906239057,
2016-01-30 00:55:30,2.661886,1.6615739580154417e-26,-0.386574304928164,1.387742675427911,3.3,17752.0,118.5531233862854,
2016-02-01 21:15:30,5.856819,3.397972330169677e-26,-0.2181845602211073,2.4892630891208594,-10.0,32507.7,67.80891596659266,
2016-02-03 22:41:30,9.041031,1.1996348899269103e-26,-0.26676077064469356,1.7920283221031128,-10.7,67717.5,59.27455361752672,
2016-02-04 20:24:30,8.706986,1.2498199999999998e-26,-0.1727915187495799,2.405559372721243,0.0,82738.89,59.68286915629925,
2016-02-05 19:53:30,4.715897,1.0402347706604003e-26,-0.15176749991616872,2.210372568407057,-10.7,86425.6,182.6490155587414,
2016-02-05 20:50:30,3.918776,9.585158256721495e-27,-0.18226867356815754,2.099077718844485,-13.2,95331.7,106.51425927597761,
2016-02-06 20:15:30,5.095753,1.0577803096580505e-26,-0.15739723791108973,1.9120136525054128,-4.1,51639.375,131.2821098103313,
2016-02-09 19:19:30,7.417511,1.875691238632202e-26,-0.11526045533836832,2.9375523386795646,5.0,73436.0,281.96788227997484,
2016-02-11 20:36:30,9.032206,1.17290798166275e-26,-0.14115400176829104,1.3898409711377688,-12.3,34580.832,236.51597180658564,
2016-02-14 02:33:30,4.6025352,1.2503007110023497e-26,-0.36239847442504064,2.038282521058431,-5.7,66465.25,326.0588229197257,
2016-02-14 22:23:30,5.9925065,1.318491441669464e-26,-0.19331125062379503,1.9242475220561825,-8.9,71792.86,13.28364047333323,
2016-02-18 02:04:30,5.6443357,7.294622591686248e-27,-0.32423815979657616,2.7765136242801907,-45.9,282478.38,279.9229577934189,
2016-02-19 03:23:30,2.4395483,5.444271231746673e-27,-0.35205456420850967,1.792107295370721,-26.9,142877.86,287.5371980386357,
2016-02-19 20:49:30,2.6395187,8.61414311981201e-27,-0.1014370305014064,2.5544396009927195,-32.3,186644.0,264.7352125511951,
2016-02-19 21:05:30,3.0400271,7.642061671829223e-27,-0.11116152313894014,2.226731460486767,-30.4,164660.44,32.7100867087983,
2016-02-19 21:19:30,3.8863351,6.970150458431242e-27,-0.12000816319479,2.0228905801973345,-29.4,121084.5,82.73224409547772,
2016-02-19 23:35:30,3.5936124,6.579821926403044e-27,-0.21547484934407546,1.8785800812803994,-21.5,110419.2,358.4218858594856,
2016-02-20 00:35:30,2.8728526,6.17768145494461e-27,-0.2577055432892481,1.735445797450536,-26.0,115276.29,39.475460798682214,
2016-02-26 01:45:30,8.512848,1.5636209541320797e-26,-0.2641947773834491,1.9984377479567992,-5.0,92365.8,63.81753100055564,
2016-02-29 20:34:30,6.805913,4.9292350066375727e-26,-0.029726398146539806,5.209911362864242,21.7,22610.428,100.09494013548698,
2016-03-02 00:18:30,11.004025,1.1914149426650999e-26,-0.17697147555164586,1.755007671737272,-11.5,88414.5,58.87304094716752,
2016-03-07 02:02:30,10.227174,3.1233478099060055e-26,-0.2083726814246862,8.500391417880351,-73.0,469212.5,237.30387510848163,
2016-03-07 19:14:30,6.2974095,1.033917038002014e-26,0.05537019981623378,3.0054739740862066,-38.8,135147.0,228.9495155648022,
2016-09-26 15:33:30,8.668037,1.9699087613677976e-26,0.13245337729150022,3.7175338335210393,-18.8,77048.6,104.38240697185489,
2016-09-26 16:47:30,8.739689,1.8495197656631465e-26,0.13942714667072673,3.418829520647102,-18.1,69240.22,100.0353945463028,
2016-09-27 14:32:30,6.7841797,9.835122476768492e-27,0.10751433504283531,2.9292049344783946,-36.6,167425.6,172.73120841120203,
2016-09-27 19:00:30,9.25494,1.463891620864868e-26,0.10205888904759919,5.306923179230485,-21.7,197046.67,43.02952924273084,
2016-09-28 15:14:30,6.725841,9.142914220046996e-27,0.11453708882613113,4.184357941505458,-25.0,279536.75,114.61122997097428,
2016-09-28 16:57:30,4.2987957,7.852715412712096e-27,0.12541258027301838,3.7987287095476217,-42.6,357362.6,165.43028260359202,
2016-09-29 16:13:30,5.6960254,4.4051345872879026e-27,0.11809886855468216,1.953287243060781,-47.8,182417.7,82.03038751674555,
2016-10-01 18:38:30,5.8472476,7.064367706108092e-27,0.08320163402045425,2.111859528445014,-33.3,123373.6,117.4283278337677,
2016-10-01 18:50:30,5.934873,7.037447706604004e-27,0.07862857784493446,2.017731263170672,-34.5,119699.2,76.59900742837307,
2016-10-02 20:02:30,3.0138438,8.141990111923217e-27,0.03678143606361888,2.277875245081947,-32.6,152188.56,224.6975725423075,
2016-10-10 15:00:30,6.35824,2.388117798042297e-26,0.031326584193042885,2.991748550617691,-10.9,42036.0,109.8812215179029,
2016-10-10 15:06:30,6.299949,2.4173867992401118e-26,0.033024410355946686,3.0732362255347008,-10.8,40669.223,96.75235483870945,
2016-10-14 13:04:30,15.790288,1.4329665826416013e-26,-0.045285172123039286,1.7295024656883948,-38.1,24422.875,75.39164854916825,
2016-10-16 17:26:30,5.7055125,6.220257798290252e-27,0.0022907010186361616,2.6460381283140904,-14.0,137734.0,262.6476198728941,
2016-10-16 17:56:30,5.85057,5.681873853302001e-27,-0.00390998405047725,2.460962169433218,-20.9,171844.25,278.92398798579114,
2016-10-17 14:26:30,4.4222383,3.6752948558330534e-27,-0.024751063641482142,2.0205961676135775,-20.4,198794.42,325.69170708202665,
2016-10-22 12:58:30,5.1028833,1.9389514495849606e-26,-0.09787659072914454,2.1443429896798745,5.9,42983.8,197.46067692488592,
2016-10-22 13:01:30,5.2020893,2.0516276146697997e-26,-0.09615733340217227,2.2813581482286933,5.7,44900.0,195.6706892491007,
2016-10-22 13:10:30,5.1203647,9.613999999999998e-27,-0.09110310812960425,2.4043625,4.3,nan,183.3323486644445,
2016-10-23 16:33:30,4.0864882,1.5525540571594236e-26,-0.03717036287376166,2.755092383820846,-5.2,114752.89,122.68031983377897,
2016-10-24 14:24:30,6.3239017,2.444840229339599e-26,-0.068289443671963,3.5210917933959767,-26.3,50297.8,148.69298600474582,
2016-10-25 17:48:30,8.079266,1.4072760040473937e-26,-0.057928463879764726,6.781734510707245,-59.2,380148.88,62.91136297318088,
2016-10-25 20:16:30,7.8666687,8.751487286758422e-27,-0.12089882139896535,4.269703050720203,-66.7,350521.84,69.07452269903935,
2016-10-26 10:20:30,4.5408745,6.309187958431243e-27,-0.22794664497775183,2.945250085401148,-41.2,260205.88,28.3946468326846,
2016-10-26 17:04:30,4.290956,6.456762935447692e-27,-0.0566731503618186,2.616521933359997,-52.9,220231.0,191.5260758192236,
2016-10-26 18:59:30,4.6888566,9.613999999999998e-27,-0.08729170134062318,2.4043625,-41.6,nan,188.8623293636753,
2016-10-26 19:09:30,4.7933946,9.613999999999998e-27,-0.0916652607044562,2.4043625,-42.5,nan,203.56291819353706,
2016-10-27 17:38:30,5.5788097,5.732079867839812e-27,-0.06761926988754095,1.7177221114741212,-51.2,129752.0,83.34265810160176,
2016-10-28 14:43:30,4.0032015,6.510051441669463e-27,-0.08502607195972861,2.764212808745296,-36.4,249124.67,128.17742000234531,
2016-10-28 17:33:30,2.559848,6.729799999999999e-27,-0.07248393032671524,2.7250202727191426,-23.7,250567.0,41.43649690185209,
2016-10-29 09:29:00,5.0355473,9.33327045917511e-27,-0.2818487847438801,4.01949345631392,-47.18181818181818,331303.4,104.14699084173206,
2016-10-29 12:17:30,7.5503426,7.411325433444977e-27,-0.16359603529085265,2.533762239174027,-47.0,235399.89,113.9909873226346,
2016-10-29 12:18:30,7.5533075,7.362187563705443e-27,-0.16295654958093667,2.5175886969090597,-46.9,228772.89,115.69240793545228,
2016-10-29 16:21:30,7.1099873,7.140798279953003e-27,-0.07281478222569515,2.0289740700152423,-33.0,210015.38,82.7279888876248,
2016-10-31 12:09:30,3.8188589,6.768255504894256e-27,-0.17991669760759701,1.740966902644126,-30.7,164335.33,135.58107185507234,
2016-10-31 12:27:30,3.7336957,5.7837822019577016e-27,-0.16843364333965516,1.3691431290586602,-30.8,101821.6,101.09002356547695,
2016-11-01 09:56:30,4.602491,8.054609449386596e-27,-0.27892064093446156,1.641988661847889,-21.6,71630.5,108.76641170195177,
2016-11-02 09:38:30,4.298597,1.8003818042373657e-26,-0.29718910644807783,3.3019865058710955,-13.1,38975.11,310.4795029323851,
2016-11-03 09:19:30,7.0028405,1.1262114416694639e-26,-0.31589992064519545,1.8289813081677206,-39.6,32907.285,161.21953928217084,
2016-11-03 19:54:30,4.3436337,2.341585743179321e-26,-0.15923691335141513,3.9585908731404005,-17.4,62826.8,253.35689603551927,
2016-11-06 16:17:30,3.7433202,2.106186800613403e-26,-0.1166214887066082,2.0222602727544596,-9.2,32140.0,109.18657761893427,
2016-11-08 09:35:30,5.86312,2.1304622019577022e-26,-0.3305284187227316,1.8765181208903057,3.0,24735.0,282.8899987990616,
2016-11-09 20:03:30,6.840129,3.9950016421508784e-26,-0.1946527552434308,4.8946327846696835,6.1,46245.3,86.29773944600778,
2016-11-10 08:28:30,11.514889,1.6728359633255002e-26,-0.3857156740517441,2.309412419273013,-6.3,38237.0,101.53086446507709,
2016-11-10 18:34:30,11.134501,2.758449009094238e-26,-0.15814755642146827,4.879955782017468,-45.2,165506.2,274.4775553266804,
2016-11-11 19:18:30,9.43007,1.917031651344299e-26,-0.18091249042562296,4.464728375561871,-4.9,185617.0,305.1192080377995,
2016-11-12 18:44:30,5.1840224,6.345239908313751e-27,-0.17115163655367177,3.500471993428264,-20.5,242192.0,306.66263271473645,
2016-11-13 09:37:30,4.3248944,4.8625476553916924e-27,-0.3531762086699556,2.302873923381224,-17.8,206279.22,348.9210557982877,
2016-11-14 13:14:30,2.5470023,4.820734141635894e-27,-0.21190183424814357,1.9342889325435095,-13.6,229901.58,309.8366933390277,
2016-11-14 15:35:30,3.9385087,4.213335665035247e-27,-0.16002330277820873,1.658575567462812,-14.0,167855.5,275.60877808720704,
2016-11-15 08:36:30,4.3620186,5.568428623962402e-27,-0.403901045086432,1.5984495916789998,-15.6,79610.9,80.83246112878452,
2016-11-15 10:59:30,4.4293303,3.7174136847972866e-27,-0.30325313260677456,1.3515181787594683,-20.0,75697.0,266.5034870556089,
2016-11-15 11:15:30,4.883388,3.469280439138412e-27,-0.29190032600733473,1.2334171241988343,-19.8,78819.86,274.4169647185532,
2016-11-15 12:25:30,3.834459,4.221614474868774e-27,-0.24500093218578858,1.1850581620063492,-17.0,79249.78,143.73197372375543,
2016-11-15 13:38:30,3.4845152,6.207896658229827e-27,-0.20407794434100704,1.6857639547662726,-16.6,102543.86,155.6103147281896,
2016-11-15 14:22:30,3.305593,6.261918196010589e-27,-0.1849548585072256,1.6974148270057543,-16.0,122990.164,171.81600404355535,
2016-11-16 11:57:30,3.0900338,8.545778185272216e-27,-0.2674853398687391,1.6449507215275174,-2.8,31134.334,295.43655770056563,
2016-11-22 18:22:30,10.058606,2.1933378807830808e-26,-0.2042565310236888,3.750142252000658,-6.2,135420.9,103.03388857307343,
2016-11-23 09:42:30,4.915794,1.2646530930137633e-26,-0.3914554513623598,2.349336450527867,-20.1,76735.14,153.54951005181334,
2016-11-24 18:35:30,10.41708,2.186415935745239e-26,-0.21537858236666377,4.874519328087772,-29.0,177134.4,66.52081059101997,
2016-11-25 08:03:30,5.9812107,5.321348853302002e-27,-0.4643452546140958,2.1986232478652266,-32.5,444852.88,77.87869801088831,
2016-11-25 10:31:30,6.748126,4.751452344608306e-27,-0.3633702487639207,1.7717784613448686,-31.1,264626.66,73.38558100880049,
2016-11-25 10:32:30,6.737971,4.8048637104034416e-27,-0.3626469358867119,1.7992229877591774,-31.0,268448.78,79.30154252821787,
2016-11-26 16:59:30,4.756911,4.3070720183372495e-27,-0.20183892161782124,1.814183595908989,-21.4,273937.4,91.70938028767893,
2016-11-29 14:06:30,4.1722264,1.1820947604179381e-26,-0.24377473240414133,1.943029726464557,-7.7,69439.445,272.2301908633144,
2016-11-29 15:18:30,3.7532413,9.133300916862487e-27,-0.21970258037330243,1.4336192864350452,-6.9,62703.332,271.23945143363653,
2016-12-02 15:59:30,3.814157,1.4930541743278502e-26,-0.22059759235595755,1.690321151275523,-12.4,28067.334,143.60065650677276,
2016-12-07 04:59:30,6.415461,1.6574537613677976e-26,-0.561999593173415,1.8127054858623581,-15.0,46095.2,127.09208928285194,
2016-12-10 09:07:30,4.5206857,6.268328440093993e-27,-0.4633616924365054,2.7689574738384777,-25.1,210696.22,223.92373943010173,
2016-12-10 15:42:30,5.328723,4.347451100730896e-27,-0.23950037657345694,1.8530625167260495,-27.1,188713.0,264.14118416888994,
2016-12-11 04:20:30,3.6664984,5.5376642200469966e-27,-0.5681312569270807,2.223727891964515,-18.1,210291.0,150.40303314648523,
2016-12-11 05:05:30,3.6444867,5.764554220294952e-27,-0.5683071261732778,2.211829770911246,-17.8,180126.6,109.93449016323983,
2016-12-12 06:12:30,5.691427,7.059079701709746e-27,-0.5572590823373684,1.8784852590388166,-15.2,84462.375,82.87250203008394,
2016-12-13 11:08:30,4.4395986,9.613999999999998e-27,-0.38174828392823396,2.4043625,-10.8,nan,59.70912440346878,
2016-12-13 15:22:30,6.5266337,6.48945e-27,-0.2478048416243082,1.7296397791996507,-7.8,122538.9,297.31269455235224,
2016-12-14 06:01:30,2.89367,5.3011595413208004e-27,-0.5627686332465683,1.2348375175051967,-11.1,111086.0,283.9047121927262,
2016-12-14 11:00:30,4.020195,5.611829226684569e-27,-0.38882526039784054,1.1905356268961511,-8.0,94189.29,148.81307439073296,
2016-12-18 14:37:30,3.970734,1.314954919681549e-26,-0.26599727801431555,2.099736191205354,-16.9,118889.0,124.98481199936293,
2016-12-19 14:04:30,3.8943255,9.3871095413208e-27,-0.2801324548739451,1.279202641420654,-18.4,69504.6,148.5285423702886,
2016-12-20 15:36:30,6.5393004,1.8044409378433225e-26,-0.24952271916796329,2.1227818587154825,-16.0,29729.334,147.35370885191136,
2016-12-22 14:30:30,6.6229935,6.633660091686249e-27,-0.26989640329987286,2.437826751128915,-35.6,156929.0,196.89823816749205,
2016-12-23 02:53:30,5.345746,4.0336072374343864e-27,-0.5533017091134164,1.9634357306148624,-32.3,211072.0,180.5917352599769,
2016-12-23 06:13:30,4.720825,4.799308440589904e-27,-0.5640044357857718,2.5351831784622,-28.3,251526.1,142.74662331333272,
2016-12-24 04:42:30,4.0394177,4.62433394498825e-27,-0.5755887117763022,2.171893924367043,-24.1,342710.5,18.993690572294938,
2016-12-24 05:00:30,2.9473293,4.935187002849578e-27,-0.5755023361881677,2.355038470511871,-24.8,351174.5,72.44983143213041,
2016-12-24 15:11:30,5.9442253,6.492655351257324e-27,-0.25563667022542796,2.7038537869296286,-17.7,233675.83,271.52882605820247,
2016-12-26 11:20:30,3.8750615,4.283998256969451e-27,-0.3803290240507342,2.088507036788709,-26.9,118352.8,191.44385400199496,
2016-12-26 15:05:30,4.547149,5.760708440589904e-27,-0.2565811683716998,2.4009754075232466,-29.7,175495.8,177.2786663983265,
2016-12-27 03:02:30,3.3935099,9.613999999999998e-27,-0.5538781129472827,2.4043625,-25.6,nan,176.52368460822996,
2016-12-27 03:15:30,3.79916,9.613999999999998e-27,-0.5582878684227723,2.4043625,-24.6,nan,200.54315495769103,
2016-12-27 03:36:30,3.222212,4.5057611621856685e-27,-0.5643097912932906,1.7605110483338153,-24.7,234082.33,350.02728262777305,
2016-12-27 13:54:30,3.2877004,5.604961926651e-27,-0.28438337235083877,1.7857309387189506,-21.1,176779.4,78.06518949598635,
2016-12-28 05:37:30,1.9871975,5.4717395150184624e-27,-0.5695045703466081,1.212319239891108,-15.3,70750.14,115.19045733334805,
2016-12-29 11:12:30,4.9163556,9.841988859939574e-27,-0.3844685060129441,1.4622316703860672,-14.0,37787.855,170.95419809483982,
2017-01-01 14:29:30,2.7032545,1.0044708072853086e-26,-0.26391932088041137,2.58983374572007,-16.9,148896.0,48.245491994870285,
2017-01-05 01:31:30,8.853081,1.1050332018089293e-26,-0.49550069451141204,2.855938618633216,-20.6,117593.8,230.8802461186247,
2017-01-05 11:17:30,4.980203,6.029901100730895e-27,-0.37246331003898153,2.013821113129321,-10.6,200828.4,210.38470623087068,
2017-01-06 01:31:30,4.5964084,4.8710932722091665e-27,-0.4932233984887182,2.5572406383904425,-31.1,229204.0,221.3239645263198,
2017-01-06 03:06:30,3.7226121,9.613999999999998e-27,-0.5391738089979728,2.4043625,-18.1,nan,63.826376095530804,
2017-01-07 01:05:30,3.6932073,5.108879724693298e-27,-0.4748223367083023,2.4876108246205897,-20.3,187352.6,231.19916131135093,
2017-01-07 01:52:30,4.6293564,4.4972155453681944e-27,-0.502826283649803,1.8939849941946885,-20.8,170650.0,314.04249843367893,
2017-01-07 06:39:30,2.9732857,3.261068990707397e-27,-0.5391802654758937,1.6706716897172278,-22.7,236775.6,247.95817108156862,
2017-01-08 01:36:30,4.5350623,5.2925071100234975e-27,-0.49124063457724,2.3446825499862896,-20.9,164021.0,245.42233357860715,
2017-01-09 03:08:30,4.6704564,3.986604740428924e-27,-0.5325481884390559,1.6291448554239045,-25.3,186972.67,320.2961786566076,
2017-01-09 10:34:30,4.423024,2.762422782802581e-27,-0.3958922087473611,1.0367381723567028,-14.6,62070.668,281.42260778796526,
2017-01-09 11:04:30,4.4515285,2.9006810616493218e-27,-0.37409860636454423,1.087541558461634,-17.4,61076.715,266.228496809435,
2017-01-09 12:51:30,4.504805,4.234005871391296e-27,-0.3009105362380977,1.945461621424211,-19.0,179532.6,194.62883951386362,
2017-01-09 13:42:30,4.8347206,9.613999999999998e-27,-0.2715180925145623,2.4043625,-21.1,nan,209.47204269359526,
2017-01-10 03:48:30,4.3249884,4.275025840663909e-27,-0.5416901636353418,1.4123310528342403,-16.8,197282.11,265.3220350839259,
2017-01-10 04:18:30,4.116024,4.1955494496345514e-27,-0.5471958330047809,1.4124680716840234,-17.3,178711.2,256.53263347125176,
2017-01-11 02:01:30,3.4559083,7.328005096435546e-27,-0.4969476007501311,2.0005985977485805,-15.1,119702.22,260.63061719966515,
2017-01-15 00:57:30,3.5850117,2.149305743179321e-26,-0.44609450927577265,2.565278457667303,-4.6,15751.6,123.97271456815044,
2017-01-16 00:56:30,2.0334811,2.2735186055755614e-26,-0.4419866505241431,2.4586352606338284,1.5,40948.1,197.90504903228694,
2017-01-21 00:19:30,3.463577,6.387541651344299e-27,-0.39811823339610386,1.6893804417053984,-19.8,67039.6,39.92154728356492,
2017-01-21 00:56:30,6.1840677,5.934241169929504e-27,-0.42313289741363425,1.5762472796426041,-18.3,61454.125,42.87965440177325,
2017-01-23 10:31:30,3.4944732,5.9286331805229176e-27,-0.3551576880534359,1.3145134766713316,-7.2,55187.0,97.77882981812482,
2017-01-24 03:03:30,3.394438,5.578042385578155e-27,-0.47831201645714183,0.8482177576019198,-17.2,66479.7,254.8030246677294,
2017-01-24 04:36:30,2.4171789,7.72004266014099e-27,-0.5003812860221798,1.1156796968050964,-15.6,70903.9,123.47799030618808,
2017-01-26 00:28:30,3.8865514,1.9860118006134032e-26,-0.3830213200576678,2.3889932718412106,-1.7,91820.25,86.7082884566389,
2017-01-27 11:10:30,2.896098,6.191416055011748e-27,-0.31031082948301925,2.2083931572994278,-23.2,260451.5,127.34079013091045,
2017-01-27 12:03:30,4.5649486,6.2266675839424125e-27,-0.2725322960083784,2.251609593372376,-16.4,235626.33,138.68582996495002,
2017-01-28 00:28:30,3.922159,1.0029325870895385e-26,-0.3738607099383666,2.7278650347398696,-14.1,133040.8,63.86523987190818,
2017-01-28 00:46:30,3.5909107,9.412105046463011e-27,-0.3860503021636448,2.5568633961575618,-15.0,141107.62,112.8691492420275,
2017-02-03 23:52:30,4.192875,6.472144678974151e-27,-0.31399718645448144,2.339069613665006,-23.7,129608.6,48.3026128668991,
2017-02-04 01:14:30,4.6354365,5.033463200759887e-27,-0.3695171323239797,1.7304093647718783,-17.1,74875.445,353.9990325074936,
2017-02-04 06:48:30,2.741195,2.7880600916862484e-27,-0.43095073435348336,1.1086943436950194,-22.7,136216.0,200.2631581828555,
2017-02-06 08:07:30,4.64653,4.8668211514472954e-27,-0.3851211726412244,1.4716238563608521,-14.6,66693.0,22.353033738201084,
2017-11-20 07:41:30,1.4627618,1.7420568806838987e-26,-0.45655571064196154,2.119004866760469,0.2,23766.0,342.0177170098114,
2017-12-12 07:20:30,4.252446,1.2104025229835507e-26,-0.5294101963713805,2.7975511945824234,-21.0,200556.1,127.49762493463228,
2017-12-29 03:58:30,4.0247035,1.1360999869728087e-26,-0.5664082126973022,1.4036351175155974,-4.0,20271.428,253.02744869109287,
2018-01-09 09:18:30,3.7282264,5.214633853054046e-27,-0.45006659846721664,1.4549487264474086,-13.0,104226.6,47.9641257671062,
2018-01-21 04:28:30,6.1575265,1.9035719266510008e-26,-0.511860898251195,2.768945384460037,-2.9,81754.0,237.16160226807025,
2018-02-01 01:15:30,2.8600132,1.2815462843513487e-26,-0.3861713981728681,2.231585184913221,-5.9,138242.5,242.34340724417046,
2018-02-01 14:25:30,3.1659477,1.2047715203285216e-26,-0.16747859793885245,1.9593747750129016,1.7,131122.14,301.0812924080418,
2018-02-01 14:37:30,3.0825307,1.2123253669929503e-26,-0.16225174851760424,1.975641617956622,2.4,128269.5,252.5939502448505,
2018-02-07 03:12:30,4.1357193,7.684791131210327e-27,-0.41338019281364713,1.241719758792202,-1.9,62905.668,334.71895124952636,
2018-02-09 22:21:30,4.4576683,2.2948618806838987e-26,-0.21786913151531848,2.4235125772816755,3.1,29590.0,110.5610917176968,
2018-02-18 09:33:30,4.605672,7.4777690826416e-27,-0.2637249092712979,2.4008992987867654,-16.1,236577.0,132.13149847513574,
2018-02-20 17:06:30,2.44679,6.518292201709745e-27,-0.021725938681784913,1.0841496961720405,-13.4,109934.0,29.918636206338277,
2018-03-09 15:32:30,3.4663844,1.1493537843513486e-26,0.07790652992176852,1.4071823620964397,9.3,54285.125,90.3912357401365,
2018-03-12 10:53:30,2.1810458,1.0143838328170775e-26,-0.060838329761236314,1.421924745266662,1.1,37256.11,123.58243755897591,
2018-03-15 03:49:30,5.0896144,1.2873145413208006e-26,-0.1961921808396332,1.9669363234638428,-20.5,205500.5,246.39297859174684,
2018-03-17 22:16:30,5.403711,7.812335871887206e-27,0.011675597317194277,2.227698499785575,-14.3,116719.5,290.0270615382939,
2018-03-18 01:33:30,3.8388605,7.597463188266753e-27,-0.12126143929385028,2.097450502940054,-15.3,102005.5,264.4637125316871,
2018-03-18 02:05:30,2.7743323,8.629526238632202e-27,-0.13820064636656806,2.3776966237931743,-12.6,147128.4,213.53290434386966,
2018-03-26 13:09:30,3.7024956,6.0525471457481376e-27,0.13083496428738342,1.5384396094217572,-15.5,107841.11,236.5462295446088,
2018-03-26 13:20:30,3.8053002,6.1401414372444145e-27,0.13746144340019867,1.5709082180868312,-16.7,109846.445,243.30020746386253,
