jet_time,SatX_GSM,SatY_GSM,SatZ_GSM
2015-09-07 13:11:59,4.01,9.029,-5.502
2015-09-07 13:57:26,3.68,9.503,-5.576
2015-09-07 13:58:29,3.68,9.514,-5.578
2015-09-07 19:41:14,0.6,10.608,-3.59
2015-09-09 12:39:08,4.46,8.798,-5.489
2015-09-09 12:47:14,4.41,8.914,-5.535
2015-09-09 14:22:22,3.74,9.7,-5.58
2015-09-09 14:30:40,3.68,9.761,-5.563
2015-09-09 14:32:05,3.66,9.777,-5.558
2015-09-09 14:52:07,3.5,9.939,-5.513
2015-09-09 14:55:38,3.48,9.954,-5.509
2015-09-09 15:50:32,3.02,10.333,-5.255
2015-09-09 16:22:56,2.74,10.488,-5.065
2015-09-09 18:49:45,1.33,10.721,-4.048
2015-09-09 18:55:16,1.27,10.713,-3.974
2015-09-09 19:02:32,1.2,10.71,-3.951
2015-09-09 19:50:12,0.72,10.51,-3.604
2015-09-11 12:57:43,4.59,8.963,-5.613
2015-09-11 13:01:34,4.57,8.981,-5.618
2015-09-11 13:05:04,4.54,8.998,-5.619
2015-09-11 16:19:02,3.01,10.384,-5.105
2015-09-11 16:22:06,2.98,10.397,-5.086
2015-09-11 16:25:33,2.95,10.397,-5.086
2015-09-11 16:32:14,2.89,10.422,-5.048
2015-09-11 16:37:21,2.84,10.443,-5.016
2015-09-11 16:40:56,2.81,10.455,-4.997
2015-09-13 15:25:06,3.72,10.011,-5.408
2015-09-13 17:29:09,2.58,10.491,-4.639
2015-09-14 15:49:44,3.64,10.099,-5.303
2015-09-14 15:50:56,3.63,10.111,-5.293
2015-09-19 09:12:53,6.43,6.539,-4.098
2015-09-19 09:14:00,6.42,6.595,-4.153
2015-09-19 09:17:45,6.42,6.617,-4.174
2015-09-19 09:20:54,6.42,6.617,-4.174
2015-09-19 10:09:39,6.33,7.155,-4.695
2015-09-19 10:45:08,6.22,7.519,-5.012
2015-09-19 10:46:42,6.22,7.559,-5.046
2015-09-19 10:48:57,6.21,7.559,-5.046
2015-09-22 15:39:11,4.64,9.598,-5.297
2015-09-23 16:45:59,4.11,9.784,-4.864
2015-09-23 17:11:56,3.84,9.831,-4.683
2015-09-25 09:37:59,7.1,6.685,-4.427
2015-09-25 09:39:25,7.1,6.705,-4.448
2015-09-25 12:05:40,6.58,8.022,-5.48
2015-09-25 12:06:56,6.57,8.022,-5.48
2015-09-25 12:11:08,6.55,8.06,-5.492
2015-09-27 09:50:49,7.32,6.782,-4.588
2015-09-27 12:01:05,6.83,7.869,-5.431
2015-09-27 12:02:44,6.83,7.869,-5.431
2015-09-28 10:24:59,7.35,7.035,-4.848
2015-10-01 06:51:20,7.54,4.718,-2.575
2015-10-01 17:27:22,4.39,9.225,-4.354
2015-10-01 17:43:11,4.19,9.223,-4.266
2015-10-01 18:47:32,3.37,9.062,-3.757
2015-10-03 15:46:25,5.69,8.862,-4.994
2015-10-04 06:39:16,7.82,4.537,-2.471
2015-10-04 06:46:24,7.86,4.576,-2.507
2015-10-06 14:37:08,6.64,8.362,-5.124
2015-10-06 14:38:33,6.63,8.367,-5.121
2015-10-06 14:42:00,6.6,8.367,-5.121
2015-10-06 14:43:08,6.59,8.372,-5.118
2015-10-06 15:24:59,6.18,8.573,-4.927
2015-10-08 08:32:35,8.6,5.633,-3.72
2015-10-08 15:52:36,6.05,8.502,-4.711
2015-10-08 15:54:51,6.02,8.51,-4.701
2015-10-14 13:38:13,7.88,7.395,-4.87
2015-10-16 10:48:51,9.17,6.186,-4.457
2015-10-21 15:00:49,7.51,7.196,-4.247
2015-10-21 15:02:42,7.49,7.207,-4.236
2015-10-21 15:06:18,7.44,7.219,-4.217
2015-10-23 06:22:38,9.81,3.605,-2.122
2015-10-23 15:35:14,7.17,7.125,-3.93
2015-10-23 15:36:22,7.15,7.125,-3.93
2015-10-24 08:07:48,10.19,4.437,-3.009
2015-10-24 08:12:59,10.19,4.467,-3.04
2015-10-24 08:15:54,10.19,4.504,-3.079
2015-10-24 08:17:20,10.2,4.504,-3.079
2015-10-25 08:51:27,10.27,4.679,-3.299
2015-11-05 07:05:34,11.05,2.895,-1.989
2015-11-05 09:35:34,10.94,3.956,-2.928
2015-11-05 14:22:31,8.52,5.628,-3.336
2015-11-05 14:23:39,8.51,5.628,-3.336
2015-11-07 13:29:15,9.23,5.186,-3.293
2015-11-07 13:30:18,9.22,5.186,-3.293
2015-11-07 13:53:33,8.93,5.301,-3.267
2015-11-10 02:09:21,8.97,-0.397,-0.237
2015-11-10 02:29:45,9.27,-0.182,-0.312
2015-11-10 02:35:18,9.36,-0.075,-0.349
2015-11-10 03:05:40,9.76,0.234,-0.462
2015-11-10 03:09:03,9.81,0.275,-0.48
2015-11-10 03:16:33,9.9,0.327,-0.502
2015-11-11 03:39:45,10.24,0.463,-0.594
2015-11-11 05:38:15,11.15,1.577,-1.206
2015-11-11 06:10:35,11.28,1.881,-1.416
2015-11-11 06:14:33,11.3,1.881,-1.416
2015-11-11 14:45:54,8.21,5.138,-2.852
2015-11-12 05:57:29,11.29,1.637,-1.281
2015-11-13 04:58:09,11.04,1.037,-0.943
2015-11-18 12:16:02,10.16,3.681,-2.545
2015-11-19 12:20:17,10.11,3.581,-2.478
2015-11-22 02:53:29,10.48,-0.959,-0.477
2015-11-30 13:07:36,9.17,2.858,-1.825
2015-12-02 09:10:40,11.58,0.822,-1.314
2015-12-03 06:55:51,11.96,-0.352,-0.906
2015-12-03 09:42:30,11.36,0.997,-1.374
2015-12-03 09:44:41,11.34,1.005,-1.376
2015-12-05 00:14:39,8.99,-3.535,-0.725
2015-12-05 00:21:33,9.1,-3.506,-0.726
2015-12-05 01:25:13,10.02,-3.104,-0.73
2015-12-05 23:35:22,8.37,-3.819,-0.746
2015-12-06 00:25:05,9.21,-3.586,-0.776
2015-12-06 00:32:04,9.32,-3.524,-0.778
2015-12-06 23:41:54,8.53,-3.888,-0.807
2015-12-07 01:25:03,10.08,-3.348,-0.818
2015-12-07 01:26:15,10.1,-3.342,-0.817
2015-12-07 01:28:17,10.12,-3.329,-0.816
2015-12-07 02:13:39,10.62,-3.04,-0.79
2015-12-07 02:15:05,10.64,-2.999,-0.785
2015-12-07 02:43:42,10.91,-2.82,-0.765
2015-12-07 02:45:26,10.93,-2.82,-0.765
2015-12-07 03:13:02,11.16,-2.622,-0.745
2015-12-07 03:47:56,11.4,-2.342,-0.722
2015-12-07 03:51:54,11.43,-2.32,-0.72
2015-12-07 03:53:47,11.44,-2.32,-0.72
2015-12-07 03:56:51,11.46,-2.283,-0.717
2015-12-07 04:04:03,11.5,-2.222,-0.715
2015-12-07 04:06:05,11.52,-2.222,-0.715
2015-12-07 23:30:57,8.39,-4.048,-0.848
2015-12-07 23:57:49,8.86,-3.919,-0.878
2015-12-07 23:59:28,8.89,-3.919,-0.878
2015-12-08 02:22:02,10.73,-3.061,-0.816
2015-12-08 02:52:25,11,-2.857,-0.788
2015-12-08 06:05:01,11.9,-1.378,-0.753
2015-12-08 06:06:04,11.9,-1.378,-0.753
2015-12-09 01:04:02,9.87,-3.685,-0.927
2015-12-09 01:08:10,9.92,-3.66,-0.924
2015-12-09 10:43:07,10.61,0.875,-1.259
2015-12-09 10:48:04,10.55,0.893,-1.263
2015-12-09 11:10:43,10.31,1.121,-1.305
2015-12-09 11:12:22,10.28,1.129,-1.306
2015-12-10 01:15:59,10.03,-3.722,-0.968
2015-12-10 10:19:22,10.8,0.546,-1.172
2015-12-10 10:28:18,10.71,0.618,-1.187
2015-12-10 11:29:30,10.01,1.178,-1.285
2015-12-10 11:43:36,9.83,1.323,-1.305
2015-12-10 12:48:01,8.81,1.867,-1.334
2015-12-10 23:09:32,8.16,-4.229,-1.052
2015-12-11 08:42:05,11.48,-0.4,-0.95
2015-12-11 08:43:13,11.47,-0.391,-0.952
2015-12-11 11:15:05,10.13,0.955,-1.229
2015-12-11 11:42:59,9.77,1.24,-1.265
2015-12-11 11:45:28,9.73,1.268,-1.269
2015-12-11 12:06:05,9.42,1.448,-1.285
2015-12-11 12:33:59,8.99,1.691,-1.29
2015-12-11 12:35:07,8.96,1.7,-1.29
2015-12-11 12:43:40,8.82,1.769,-1.291
2015-12-12 04:22:21,11.57,-2.719,-0.813
2015-12-12 04:39:18,11.64,-2.582,-0.793
2015-12-12 04:43:07,11.65,-2.567,-0.79
2015-12-12 04:46:48,11.66,-2.514,-0.783
2015-12-12 04:54:27,11.69,-2.476,-0.777
2015-12-12 05:14:19,11.75,-2.301,-0.763
2015-12-12 05:23:01,11.77,-2.253,-0.761
2015-12-12 06:47:28,11.81,-1.526,-0.769
2015-12-13 01:54:11,10.5,-3.852,-1.085
2015-12-13 02:00:11,10.56,-3.812,-1.076
2015-12-14 01:19:56,10.12,-4.158,-1.186
2015-12-14 01:26:55,10.2,-4.119,-1.176
2015-12-14 01:33:44,10.28,-4.063,-1.162
2015-12-14 01:35:59,10.3,-4.052,-1.159
2015-12-14 01:51:08,10.47,-3.979,-1.141
2015-12-14 04:03:08,11.44,-3.111,-0.894
2015-12-14 05:13:38,11.7,-2.557,-0.794
2015-12-14 06:02:05,11.76,-2.159,-0.758
2015-12-15 10:55:34,10.1,0.417,-1.067
2015-12-17 02:22:29,10.72,-4.149,-1.243
2015-12-18 08:03:50,11.34,-1.577,-0.774
2015-12-25 03:25:17,10.91,-4.668,-1.494
2015-12-28 09:56:10,9.71,-1.33,-0.757
2015-12-28 09:58:39,9.69,-1.33,-0.757
2015-12-28 22:20:13,7.71,-6.329,-2.322
2015-12-28 22:21:16,7.72,-6.329,-2.322
2015-12-29 07:30:06,10.76,-2.972,-0.842
2015-12-30 00:26:51,9.31,-6.102,-2.438
2015-12-30 00:30:45,9.35,-6.075,-2.425
2015-12-30 00:32:55,9.37,-6.068,-2.421
2015-12-30 22:37:27,7.94,-6.497,-2.536
2015-12-30 22:55:09,8.19,-6.468,-2.569
2015-12-30 23:09:01,8.37,-6.443,-2.574
2015-12-30 23:10:13,8.39,-6.438,-2.574
2015-12-30 23:37:22,8.73,-6.362,-2.573
2015-12-30 23:41:39,8.77,-6.351,-2.573
2016-01-01 22:04:47,7.42,-6.745,-2.651
2016-01-02 23:46:43,8.73,-6.616,-2.845
2016-01-02 23:48:54,8.75,-6.616,-2.845
2016-01-03 22:25:54,7.69,-6.907,-2.876
2016-01-04 08:41:49,9.76,-2.595,-0.799
2016-01-05 00:46:35,9.24,-6.618,-2.946
2016-01-05 00:48:14,9.26,-6.613,-2.943
2016-01-06 02:28:45,9.92,-6.208,-2.577
2016-01-06 02:30:06,9.93,-6.202,-2.572
2016-01-06 02:31:23,9.94,-6.186,-2.556
2016-01-06 22:25:55,7.59,-7.149,-3.176
2016-01-06 22:29:09,7.65,-7.149,-3.176
2016-01-07 21:43:05,6.99,-7.286,-3.154
2016-01-07 22:10:41,7.36,-7.264,-3.242
2016-01-08 00:28:50,8.91,-6.897,-3.226
2016-01-08 22:13:09,7.36,-7.33,-3.352
2016-01-09 21:18:39,6.56,-7.464,-3.267
2016-01-09 21:34:06,6.79,-7.456,-3.329
2016-01-09 21:38:09,6.84,-7.453,-3.349
2016-01-10 20:52:22,6.14,-7.545,-3.23
2016-01-10 20:54:14,6.17,-7.548,-3.242
2016-01-13 21:51:10,6.84,-7.772,-3.783
2016-01-17 05:19:02,9.36,-5.763,-2.11
2016-01-17 05:53:00,9.31,-5.398,-1.844
2016-01-17 05:58:56,9.3,-5.346,-1.806
2016-01-17 06:33:39,9.19,-4.93,-1.581
2016-01-18 01:30:44,8.61,-7.386,-3.858
2016-01-18 01:32:23,8.62,-7.386,-3.858
2016-01-26 20:39:56,5.11,-8.703,-4.788
2016-01-26 20:47:21,5.2,-8.697,-4.846
2016-01-26 20:48:38,5.21,-8.697,-4.846
2016-01-26 20:50:08,5.24,-8.697,-4.846
2016-01-26 20:51:11,5.25,-8.697,-4.846
2016-01-27 22:57:35,6.48,-8.485,-5.21
2016-01-28 05:36:54,8.12,-5.914,-2.387
2016-01-28 05:51:22,8.08,-5.695,-2.214
2016-01-28 06:07:03,8.03,-5.494,-2.076
2016-01-29 01:57:21,7.63,-7.785,-4.498
2016-01-31 19:28:52,3.85,-9.008,-4.746
2016-01-31 19:29:55,3.87,-9.008,-4.746
2016-01-31 19:31:16,3.89,-9.008,-4.746
2016-02-03 05:44:17,7.38,-5.801,-2.429
2016-02-03 21:00:30,4.65,-9.099,-5.59
2016-02-04 01:58:25,6.96,-7.941,-4.83
2016-02-04 02:06:22,6.99,-7.895,-4.763
2016-02-04 02:20:10,7.05,-7.803,-4.628
2016-02-04 03:55:47,7.32,-7.081,-3.657
2016-02-05 05:59:59,7.1,-5.555,-2.285
2016-02-05 06:03:44,7.09,-5.521,-2.264
2016-02-05 19:25:24,3.4,-9.27,-5.16
2016-02-05 19:42:25,3.6,-9.272,-5.262
2016-02-05 19:46:33,3.65,-9.272,-5.293
2016-02-06 00:25:46,6.2,-8.457,-5.597
2016-02-06 00:26:54,6.2,-8.448,-5.586
2016-02-06 19:48:08,3.57,-9.317,-5.39
2016-02-06 20:06:30,3.77,-9.31,-5.52
2016-02-06 20:08:27,3.79,-9.306,-5.531
2016-02-07 04:01:02,6.98,-7.05,-3.7
2016-02-07 04:06:57,6.98,-6.964,-3.609
2016-02-13 22:10:38,4.2,-9.179,-6.439
2016-02-14 00:39:04,5.32,-8.491,-5.899
2016-02-14 00:42:04,5.34,-8.491,-5.899
2016-02-14 22:22:09,4.18,-9.156,-6.486
2016-02-14 23:00:56,4.49,-8.992,-6.45
2016-02-14 23:02:30,4.51,-8.992,-6.45
2016-02-15 02:41:12,5.81,-7.678,-4.77
2016-02-15 19:50:17,2.65,-9.639,-6.091
2016-02-15 19:54:02,2.69,-9.634,-6.119
2016-02-17 04:26:01,5.81,-6.515,-3.467
2016-02-17 04:33:08,5.81,-6.408,-3.362
2016-02-17 04:34:56,5.81,-6.408,-3.362
2016-02-19 18:49:17,1.59,-9.807,-5.825
2016-02-19 20:50:11,2.77,-9.613,-6.553
2016-02-19 23:20:15,4.04,-8.934,-6.584
2016-02-19 23:35:47,4.15,-8.882,-6.54
2016-02-20 01:29:29,4.89,-8.13,-5.585
2016-02-21 20:18:56,2.23,-9.672,-6.577
2016-02-21 21:41:53,2.98,-9.369,-6.801
2016-02-24 03:27:22,4.92,-6.978,-4.213
2016-02-24 21:25:15,2.46,-9.456,-6.887
2016-02-24 21:26:32,2.47,-9.456,-6.887
2016-02-25 18:03:26,0.45,-9.967,-5.819
2016-02-27 19:48:25,1.2,-9.82,-6.681
2016-02-27 22:05:31,2.42,-9.268,-6.99
2016-02-28 00:46:42,3.66,-8.33,-6.123
2016-02-28 00:50:14,3.68,-8.29,-6.071
2016-02-28 00:54:53,3.71,-8.264,-6.037
2016-02-28 01:19:06,3.87,-8.092,-5.801
2016-02-29 20:29:40,1.33,-9.666,-6.928
2016-02-29 20:33:21,1.37,-9.653,-6.938
2016-03-01 21:53:33,1.95,-9.284,-7.046
2016-03-01 23:53:24,2.92,-8.601,-6.541
2016-03-06 17:38:16,-0.98,-10.082,-5.939
2016-03-06 18:14:52,-0.65,-10.061,-6.235
2016-03-07 02:31:04,3.44,-7.028,-4.666
2016-03-07 02:35:38,3.46,-6.968,-4.594
2016-09-28 14:51:42,2.97,8.554,-5.374
2016-09-28 19:35:35,0.67,11.402,-3.538
2016-10-03 16:17:53,2.95,10.031,-4.881
2016-10-03 16:19:00,2.94,10.054,-4.868
2016-10-12 15:09:26,4.54,9.384,-4.894
2016-10-12 16:35:41,3.95,10.252,-4.388
2016-10-13 11:22:10,5.5,6.023,-4.668
2016-10-13 11:31:01,5.5,6.179,-4.73
2016-10-13 11:44:00,5.48,6.214,-4.744
2016-10-15 13:51:57,5.34,8.403,-5.018
2016-10-16 11:30:42,5.85,6.202,-4.644
2016-10-16 12:25:58,5.77,7.054,-4.887
2016-10-16 12:29:48,5.76,7.054,-4.887
2016-10-16 12:35:07,5.74,7.177,-4.91
2016-10-16 17:23:48,4.09,10.637,-3.689
2016-10-16 17:25:23,4.08,10.637,-3.689
2016-10-16 17:56:53,3.82,10.799,-3.468
2016-10-16 18:05:57,3.74,10.805,-3.459
2016-10-16 18:07:41,3.72,10.887,-3.286
2016-10-16 18:57:51,3.28,11.059,-2.824
2016-10-16 18:59:26,3.26,11.061,-2.807
2016-10-16 19:03:06,3.22,11.061,-2.807
2016-10-16 19:27:06,3,11.081,-2.6
2016-10-17 11:38:29,5.97,6.297,-4.643
2016-10-17 14:25:54,5.42,8.798,-4.832
2016-10-17 14:26:57,5.42,8.798,-4.832
2016-10-17 15:50:21,4.91,9.844,-4.384
2016-10-17 16:09:42,4.78,9.96,-4.3
2016-10-17 16:11:07,4.77,9.96,-4.3
2016-10-17 16:16:22,4.73,9.96,-4.3
2016-10-17 16:17:52,4.72,9.987,-4.276
2016-10-17 16:43:20,4.53,10.268,-4.026
2016-10-17 16:45:46,4.52,10.268,-4.026
2016-10-22 17:49:30,4.6,10.582,-3.077
2016-10-22 17:51:13,4.58,10.586,-3.069
2016-10-22 18:28:57,4.24,10.719,-2.672
2016-10-22 18:55:26,3.99,10.764,-2.535
2016-10-22 20:03:41,3.3,10.746,-1.749
2016-10-28 10:57:18,7.3,6.01,-4.064
2016-10-28 10:58:52,7.3,6.01,-4.064
2016-10-28 15:12:41,6.5,9.179,-3.852
2016-10-28 15:22:17,6.44,9.324,-3.743
2016-10-28 15:24:36,6.42,9.324,-3.743
2016-10-29 18:11:14,5.16,10.29,-2.265
2016-11-02 09:39:07,7.75,4.967,-3.4
2016-11-02 09:52:01,7.79,5.114,-3.464
2016-11-02 18:07:24,5.6,10.022,-1.902
2016-11-02 18:08:45,5.59,10.022,-1.902
2016-11-03 09:18:26,7.78,4.806,-3.278
2016-11-03 17:58:12,5.79,9.948,-1.842
2016-11-03 19:18:49,4.91,9.97,-1.269
2016-11-03 19:23:24,4.85,9.945,-1.172
2016-11-10 18:34:33,5.95,9.359,-0.93
2016-11-12 18:03:01,6.46,9.166,-1.056
2016-11-12 18:05:03,6.44,9.172,-0.937
2016-11-12 18:09:19,6.39,9.172,-0.937
2016-11-12 18:12:06,6.35,9.172,-0.937
2016-11-12 18:19:09,6.27,9.163,-0.787
2016-11-12 18:20:48,6.26,9.163,-0.787
2016-11-12 18:23:07,6.22,9.163,-0.787
2016-11-12 18:31:45,6.12,9.163,-0.787
2016-11-12 18:33:01,6.1,9.163,-0.787
2016-11-12 18:36:55,6.06,9.163,-0.787
2016-11-12 19:03:55,5.71,9.123,-0.459
2016-11-13 08:18:53,8.66,3.952,-2.395
2016-11-13 08:26:27,8.71,4.065,-2.438
2016-11-13 11:06:53,9.17,6.005,-2.98
2016-11-13 14:11:27,8.59,7.979,-2.59
2016-11-14 12:15:52,9.18,6.727,-2.89
2016-11-14 12:27:16,9.15,6.936,-2.857
2016-11-14 12:29:40,9.14,6.936,-2.857
2016-11-14 13:13:55,8.98,7.245,-2.798
2016-11-14 15:35:04,8.09,8.486,-1.972
2016-11-14 15:37:23,8.08,8.486,-1.972
2016-11-14 17:15:52,7.14,8.911,-1.143
2016-11-14 17:22:28,7.07,8.927,-1.066
2016-11-14 17:23:54,7.06,8.927,-1.066
2016-11-14 17:59:36,6.64,8.966,-0.878
2016-11-15 08:35:31,9,4.016,-2.308
2016-11-15 08:36:43,9,4.016,-2.308
2016-11-15 11:15:16,9.38,6.11,-2.806
2016-11-15 11:21:07,9.37,6.21,-2.808
2016-11-15 14:35:22,8.63,8.049,-2.23
2016-11-15 14:39:25,8.6,8.049,-2.23
2016-11-15 15:36:12,8.17,8.351,-1.931
2016-11-15 16:59:09,7.39,8.794,-1.16
2016-11-16 08:35:41,9.11,4.128,-2.289
2016-11-16 08:39:31,9.13,4.128,-2.289
2016-11-16 10:26:37,9.47,5.417,-2.639
2016-11-16 11:28:34,9.47,6.137,-2.714
2016-11-17 12:08:06,9.49,6.448,-2.616
2016-11-17 14:09:58,8.97,7.686,-2.176
2016-11-18 11:53:37,9.62,6.398,-2.514
2016-11-18 13:07:56,9.38,7.093,-2.341
2016-11-18 13:54:49,9.14,7.488,-2.162
2016-11-18 14:19:21,8.99,7.703,-1.997
2016-11-18 14:56:28,8.73,7.843,-1.888
2016-11-18 15:23:01,8.51,8.035,-1.692
2016-11-18 15:59:28,8.19,8.244,-1.429
2016-11-19 17:52:11,7.01,8.456,-0.334
2016-11-19 17:54:08,6.98,8.456,-0.334
2016-11-19 17:56:00,6.96,8.456,-0.334
2016-11-23 17:00:50,7.83,7.9645,-0.3533
2016-11-23 17:02:15,7.81,7.9645,-0.3533
2016-11-23 17:10:21,7.71,7.9682,-0.307
2016-11-23 17:14:15,7.66,7.9682,-0.307
2016-11-25 10:30:16,10.35,4.962,-1.813
2016-11-26 11:54:15,10.32,5.788,-1.69
2016-11-26 11:56:44,10.31,5.788,-1.69
2016-11-26 13:00:15,10.06,6.258,-1.562
2016-11-26 13:53:48,9.75,6.777,-1.304
2016-11-26 14:10:27,9.64,6.907,-1.195
2016-11-26 14:12:33,9.62,6.907,-1.195
2016-11-26 14:13:59,9.61,6.907,-1.195
2016-11-26 14:16:50,9.59,6.907,-1.195
2016-11-26 15:36:29,8.9,7.309,-0.767
2016-11-26 16:09:42,8.56,7.501,-0.427
2016-11-26 16:13:09,8.51,7.509,-0.405
2016-11-26 16:15:06,8.49,7.509,-0.405
2016-11-26 17:00:56,7.95,7.612,-0.112
2016-11-27 06:34:05,9.38,2.102,-1.128
2016-11-27 08:10:37,10.14,3.385,-1.399
2016-11-27 08:12:25,10.15,3.408,-1.403
2016-11-27 08:13:46,10.16,3.42,-1.406
2016-11-27 15:16:41,9.15,7.182,-0.69
2016-11-28 07:27:17,9.96,2.686,-1.192
2016-11-28 08:29:05,10.34,3.424,-1.342
2016-11-29 09:43:00,10.65,4.293,-1.406
2016-11-29 10:22:36,10.69,4.52,-1.422
2016-11-29 10:26:35,10.69,4.561,-1.424
2016-11-29 14:37:14,9.6,6.735,-0.755
2016-11-30 09:00:53,10.64,3.56,-1.227
2016-11-30 12:11:09,10.56,5.617,-1.219
2016-11-30 12:41:00,10.43,5.743,-1.18
2016-11-30 13:04:29,10.31,5.96,-1.111
2016-11-30 13:22:15,10.2,6.105,-1.029
2016-12-02 09:31:09,10.87,3.816,-1.102
2016-12-02 09:32:57,10.87,3.816,-1.102
2016-12-02 14:46:23,9.66,6.43,-0.425
2016-12-02 14:48:07,9.64,6.43,-0.425
2016-12-02 15:59:35,8.89,6.779,0.081
2016-12-03 16:04:18,8.86,6.669,0.207
2016-12-10 10:19:59,11.4,3.442,-0.384
2016-12-10 15:31:54,9.34,5.629,0.537
2016-12-10 15:33:47,9.32,5.64,0.554
2016-12-10 15:36:11,9.28,5.644,0.559
2016-12-12 15:10:24,9.61,5.313,0.617
2016-12-12 15:12:17,9.58,5.313,0.617
2016-12-12 15:21:48,9.47,5.359,0.684
2016-12-13 10:44:11,11.5,3.362,-0.094
2016-12-13 13:21:14,10.7,4.666,0.285
2016-12-13 13:23:47,10.69,4.666,0.285
2016-12-13 15:17:47,9.52,5.218,0.747
2016-12-13 15:21:01,9.47,5.218,0.747
2016-12-13 15:22:40,9.46,5.218,0.747
2016-12-15 13:41:27,10.56,4.526,0.52
2016-12-15 13:49:47,10.49,4.526,0.52
2016-12-17 16:44:42,8.15,4.931,1.49
2016-12-18 14:38:51,9.95,4.422,0.96
2016-12-18 14:48:04,9.83,4.425,0.962
2016-12-20 15:43:03,9.02,4.437,1.392
2016-12-22 14:30:01,9.96,3.872,1.218
2016-12-22 14:41:57,9.82,3.872,1.218
2016-12-22 14:44:34,9.79,3.872,1.218
2016-12-22 15:37:09,9.03,4.155,1.476
2016-12-23 02:53:42,8.86,-2.002,-0.651
2016-12-23 06:00:31,11.16,-0.463,0.212
2016-12-23 06:12:18,11.25,-0.426,0.224
2016-12-23 06:13:48,11.26,-0.426,0.224
2016-12-23 06:20:24,11.31,-0.332,0.252
2016-12-23 06:23:33,11.33,-0.332,0.252
2016-12-23 06:25:53,11.34,-0.332,0.252
2016-12-23 14:24:18,10.01,3.691,1.247
2016-12-23 15:16:39,9.31,3.951,1.454
2016-12-23 15:22:17,9.22,3.955,1.458
2016-12-24 03:44:47,9.75,-1.8,-0.421
2016-12-24 15:02:43,9.47,3.693,1.394
2016-12-24 15:08:57,9.38,3.789,1.475
2016-12-24 15:11:25,9.34,3.789,1.475
2016-12-25 14:52:04,9.57,3.594,1.469
2016-12-25 16:00:55,8.49,3.833,1.689
2016-12-26 10:37:43,11.76,1.712,0.918
2016-12-26 10:50:10,11.71,1.712,0.918
2016-12-26 10:53:19,11.7,1.712,0.918
2016-12-26 10:55:29,11.69,1.738,0.922
2016-12-26 11:20:05,11.57,2.002,0.974
2016-12-26 15:05:10,9.34,3.518,1.565
2016-12-26 15:22:25,9.08,3.561,1.602
2016-12-27 03:02:20,9.34,-2.33,-0.594
2016-12-27 03:14:33,9.52,-2.31,-0.576
2016-12-27 03:15:45,9.54,-2.297,-0.565
2016-12-27 03:37:48,9.85,-2.079,-0.371
2016-12-27 04:05:29,10.22,-1.878,-0.206
2016-12-27 04:14:06,10.33,-1.802,-0.153
2016-12-27 04:15:18,10.34,-1.802,-0.153
2016-12-27 04:20:56,10.4,-1.802,-0.153
2016-12-27 07:37:58,11.82,-0.149,0.633
2016-12-27 07:43:17,11.84,-0.066,0.657
2016-12-27 07:45:23,11.84,-0.066,0.657
2016-12-27 07:54:28,11.87,0.008,0.678
2016-12-27 09:10:13,11.94,0.832,0.852
2016-12-27 09:14:25,11.94,0.832,0.852
2016-12-27 09:17:16,11.94,0.832,0.852
2016-12-27 09:18:59,11.94,0.832,0.852
2016-12-27 11:23:34,11.55,1.909,1.048
2016-12-29 10:00:28,11.87,1.054,1.057
2016-12-29 11:39:19,11.42,1.708,1.182
2016-12-29 13:22:22,10.54,2.481,1.39
2016-12-29 13:38:21,10.36,2.561,1.418
2016-12-29 13:39:37,10.35,2.561,1.418
2016-12-30 03:14:24,9.7,-2.545,-0.498
2016-12-30 03:55:17,10.24,-2.326,-0.271
2016-12-30 06:19:08,11.53,-1.248,0.475
2017-01-03 02:14:51,9,-3.329,-0.992
2017-01-06 13:51:05,9.75,1.794,1.82
2017-01-06 13:52:39,9.73,1.8,1.822
2017-01-07 13:47:02,9.73,1.602,1.832
2017-01-07 13:48:50,9.72,1.602,1.832
2017-01-08 11:37:50,11.07,0.329,1.636
2017-01-08 12:21:15,10.68,0.702,1.704
2017-01-08 13:04:00,10.22,1.102,1.779
2017-01-08 13:32:17,9.86,1.37,1.835
2017-01-09 03:08:41,10,-3.814,-0.698
2017-01-09 07:24:31,11.76,-2.044,1.003
2017-01-09 08:06:13,11.81,-1.6,1.206
2017-01-09 11:00:45,11.29,-0.084,1.618
2017-01-09 12:08:01,10.75,0.512,1.725
2017-01-09 12:49:03,10.33,0.96,1.805
2017-01-09 12:51:31,10.3,0.96,1.805
2017-01-09 13:41:10,9.67,1.267,1.865
2017-01-09 13:44:01,9.62,1.267,1.865
2017-01-09 13:47:33,9.58,1.275,1.867
2017-01-09 13:51:31,9.52,1.353,1.882
2017-01-10 01:44:39,8.86,-4.165,-1.266
2017-01-10 04:05:12,10.63,-3.622,-0.209
2017-01-10 04:06:42,10.64,-3.622,-0.209
2017-01-11 01:58:27,9.11,-4.249,-1.187
2017-01-11 02:01:13,9.15,-4.249,-1.187
2017-01-11 02:05:21,9.21,-4.249,-1.187
2017-01-11 02:06:24,9.22,-4.249,-1.187
2017-01-12 11:41:22,10.82,-0.147,1.761
2017-01-15 00:56:38,8.24,-4.803,-1.773
2017-01-15 00:57:50,8.26,-4.803,-1.773
2017-01-16 00:56:29,8.27,-4.92,-1.885
2017-01-17 12:55:55,9.62,-0.001,1.954
2017-01-20 01:10:03,8.55,-5.393,-1.931
2017-01-20 01:15:09,8.62,-5.393,-1.931
2017-01-20 02:52:25,9.83,-5.276,-1.167
2017-01-20 02:53:37,9.84,-5.276,-1.167
2017-01-20 02:54:40,9.85,-5.276,-1.167
2017-01-20 03:04:57,9.95,-5.268,-1.134
2017-01-20 03:06:27,9.98,-5.206,-0.962
2017-01-20 09:09:59,11.2,-2.507,1.577
2017-01-20 09:12:27,11.19,-2.476,1.586
2017-01-20 09:14:06,11.18,-2.466,1.589
2017-01-20 09:15:09,11.18,-2.466,1.589
2017-01-20 10:10:26,10.92,-1.988,1.729
2017-01-20 10:54:00,10.63,-1.44,1.843
2017-01-21 01:01:09,8.42,-5.513,-1.983
2017-01-21 01:22:45,8.73,-5.51,-1.914
2017-01-21 09:29:22,11.06,-2.457,1.637
2017-01-21 09:52:37,10.95,-2.216,1.712
2017-01-21 09:53:49,10.94,-2.174,1.723
2017-01-21 11:02:53,10.48,-1.435,1.867
2017-01-23 03:06:40,9.9,-5.63,-1.173
2017-01-23 10:32:01,10.55,-2.049,1.805
2017-01-24 02:35:09,9.57,-5.819,-1.507
2017-01-24 03:02:59,9.84,-5.76,-1.219
2017-01-24 04:36:44,10.57,-5.362,-0.302
2017-01-25 11:01:38,10.14,-1.846,1.888
2017-01-26 00:38:30,8.08,-6.072,-2.387
2017-01-26 00:40:40,8.11,-6.072,-2.387
2017-01-26 12:37:50,8.96,-0.905,1.988
2017-01-26 12:53:08,8.72,-0.644,2.006
2017-01-27 23:47:19,7.29,-6.221,-2.716
2017-01-27 23:50:15,7.33,-6.221,-2.716
2017-01-28 00:27:27,7.89,-6.298,-2.506
2017-01-28 00:33:45,7.98,-6.31,-2.468
2017-01-28 08:38:42,10.71,-3.815,1.435
2017-01-28 08:41:38,10.7,-3.815,1.435
2017-01-28 11:32:06,9.55,-1.811,1.922
2017-01-28 23:45:45,7.25,-6.284,-2.823
2017-01-29 00:33:54,7.96,-6.413,-2.562
2017-01-29 00:46:43,8.13,-6.438,-2.481
2017-01-29 01:49:57,8.91,-6.465,-2.13
2017-01-29 07:52:30,10.72,-4.551,1.096
2017-01-29 07:56:37,10.71,-4.531,1.11
2017-01-29 08:41:42,10.61,-4.067,1.359
2017-01-29 09:01:39,10.54,-3.806,1.484
2017-01-29 09:11:11,10.5,-3.554,1.571
2017-01-29 09:40:08,10.36,-3.403,1.619
2017-01-29 10:08:38,10.19,-2.993,1.74
2017-01-29 10:55:17,9.82,-2.496,1.838
2017-01-30 00:16:57,7.7,-6.492,-2.74
2017-01-30 00:18:54,7.72,-6.492,-2.74
2017-01-31 12:25:33,8.55,-1.303,1.961
2017-09-16 19:18:23,-2.36,16.693,-2.449
2017-09-16 19:26:34,-2.42,16.766,-2.398
2017-09-16 21:55:00,-3.57,18.761,-1.176
2017-09-17 00:43:22,-4.79,20.194,-1.405
2017-09-25 02:31:03,0.94,14.878,-2.631
2017-09-25 02:44:51,0.86,15.013,-2.718
2017-09-30 17:18:24,2.17,15.009,-3.309
2017-09-30 17:20:53,2.16,15.053,-3.289
2017-09-30 17:38:39,2.07,15.294,-3.169
2017-09-30 17:45:24,2.04,15.294,-3.169
2017-10-01 00:49:50,-0.11,20.719,-1.352
2017-10-19 13:51:54,-3.93,16.312,-2.831
2017-10-19 14:02:10,-3.97,15.968,-2.519
2017-10-19 14:22:35,-4.03,15.904,-2.456
2017-10-19 14:29:11,-4.06,15.415,-2.006
2017-11-08 08:49:24,0.6,15.273,-1.894
2017-11-14 00:30:59,1.67,14.39,3.25
2017-11-14 00:34:40,1.63,14.39,3.25
2017-11-14 00:41:29,1.56,14.168,3.136
2017-11-14 01:48:14,0.9,13.045,2.46
2017-11-14 02:11:25,0.67,14.062,3.081
2017-11-14 02:24:37,0.54,14.062,3.081
2017-11-14 02:25:58,0.53,14.062,3.081
2017-11-14 02:27:05,0.51,14.062,3.081
2017-11-16 19:11:31,2.88,14.987,2.737
2017-11-16 19:20:04,2.79,14.909,2.765
2017-11-16 19:27:48,2.71,14.565,2.887
2017-11-28 18:00:43,12.06,4.374,1.575
2017-12-01 11:37:58,10.26,2.432,0.69
2017-12-04 06:16:29,9.1,1.094,0.862
2017-12-07 03:53:07,11.59,1.8274,1.6257
2017-12-12 17:20:13,9.4,-0.4363,1.162
2017-12-18 08:01:47,8.61,-1.2155,1.3118
2017-12-18 08:06:40,8.75,-1.2155,1.3118
2017-12-18 11:17:14,12.9,0.555,2.1684
2017-12-18 11:19:25,12.94,0.555,2.1684
2017-12-18 11:21:26,12.98,0.555,2.1684
2017-12-20 17:35:52,7.42,9.0764,4.1393
2017-12-26 08:36:03,8.47,9.0276,3.1802
2017-12-26 08:37:33,8.45,9.0081,3.1455
2017-12-26 19:09:57,8.59,-2.7884,0.8931
2017-12-26 19:10:46,8.61,-2.7884,0.8931
2017-12-26 19:12:48,8.67,-2.7803,0.9101
2017-12-29 04:02:41,9.06,7.5967,4.7041
2018-01-09 11:08:56,9.74,6.21,3.4688
2018-01-09 11:12:14,9.65,6.2067,3.4609
2018-01-09 11:38:56,9.09,6.1726,3.4141
2018-01-15 13:58:42,9.52,-5.7367,1.6812
2018-01-15 14:00:16,9.57,-5.7367,1.6812
2018-01-21 04:05:18,7.09,-6.3128,-0.0401
2018-01-21 04:09:26,7.2,-6.3128,-0.0401
2018-01-21 04:28:24,7.67,-6.4489,0.1611
2018-02-04 07:00:46,6.51,-8.4084,0.2619
2018-02-04 07:03:15,6.58,-8.4084,0.2619
2018-02-04 07:13:22,6.79,-8.6661,0.4998
2018-02-04 07:19:09,6.91,-8.6661,0.4998
2018-02-04 07:20:30,6.93,-8.6661,0.4998
2018-02-09 22:19:57,5.91,-9.0492,-2.3195
2018-02-09 22:21:23,5.95,-9.0492,-2.3195
2018-02-17 23:19:03,9.8,-1.7138,2.5232
2018-02-17 23:30:31,9.55,-1.362,2.4961
2018-02-18 09:30:24,4.74,-10.1278,0.3397
2018-02-18 09:32:03,4.78,-10.1278,0.3397
2018-02-18 09:34:41,4.81,-10.1278,0.3397
2018-02-18 09:41:44,4.94,-10.4185,0.4657
2018-02-18 10:05:53,5.35,-10.639,0.5518
2018-02-18 10:11:21,5.46,-10.639,0.5518
2018-02-18 12:01:54,7.23,-11.9842,0.9423
2018-02-18 12:14:08,7.43,-12.307,0.9573
2018-02-18 12:17:39,7.47,-12.3384,0.957
2018-02-18 12:18:56,7.49,-12.3501,0.9543
2018-02-24 03:41:51,6.53,-13.0443,-2.1032
2018-03-01 17:04:41,3.76,-11.849,-1.743
2018-03-01 17:05:44,3.77,-11.849,-1.743
2018-03-01 17:07:00,3.8,-11.849,-1.743
2018-03-01 17:24:02,4.03,-12.2961,-2.0261
2018-03-01 17:29:12,4.1,-12.366,-2.0703
2018-03-01 17:37:14,4.21,-12.4498,-2.1234
2018-03-06 20:08:15,10.09,-4.5144,1.1029
2018-03-06 20:16:07,9.96,-4.5144,1.1029
2018-03-06 20:17:42,9.94,-4.5144,1.1029
2018-03-12 10:28:05,10.43,-6.449,2.2199
2018-03-15 19:33:46,1.1,-12.474,-3.3407
2018-03-18 01:31:14,10.01,-7.3669,-0.2261
2018-03-18 01:33:02,9.99,-7.1454,-0.1447
2018-03-18 01:38:49,9.94,-7.1454,-0.1447
2018-03-21 13:37:26,1.3,-16.2585,-0.3991
2018-03-21 13:49:08,1.4,-16.3425,-0.441
2018-03-21 13:50:20,1.41,-16.3425,-0.441
2018-03-23 18:13:22,8.36,-6.4037,0.2045
2018-03-23 18:17:07,8.31,-6.3133,0.1999
2018-03-23 18:18:28,8.3,-6.2907,0.1987
2018-03-23 18:28:58,8.17,-5.7868,0.1739
2018-03-23 18:34:54,8.1,-5.7868,0.1739
2018-03-26 13:12:15,8.49,-7.0984,1.294
2018-03-26 13:13:45,8.48,-7.0984,1.294
2018-03-26 13:17:17,8.44,-6.9688,1.2675
2018-03-27 06:28:30,0.54,-17.5501,-1.121
2018-03-27 07:54:00,1.12,-18.5059,-0.2754
2018-03-27 07:55:44,1.12,-18.5059,-0.2754
2018-03-29 07:14:05,8.89,-9.439,0.9406
2018-04-09 15:59:25,6.43,-7.9123,0.171
2018-04-09 16:00:59,6.43,-7.9123,0.171
2018-04-09 16:02:16,6.41,-7.8164,0.1487
2018-04-10 06:09:14,-3.87,-15.5144,-0.5399
2018-04-10 06:24:09,-3.82,-15.6121,-0.4789
2018-04-10 06:25:17,-3.82,-15.6121,-0.4789
2018-04-10 06:27:45,-3.81,-15.6121,-0.4789
2018-04-10 06:28:57,-3.81,-15.6121,-0.4789
2018-04-10 06:31:17,-3.8,-15.6121,-0.4789
2018-04-12 09:46:47,6.53,-10.587,1.2306
2018-04-12 09:51:44,6.51,-10.587,1.2306
2018-04-12 09:54:40,6.51,-10.587,1.2306
2018-04-12 09:56:05,6.5,-10.587,1.2306
2018-04-12 10:18:35,6.44,-9.6603,1.2064
2018-04-12 10:30:17,6.4,-9.5094,1.1978
2018-04-12 10:38:05,6.37,-9.5094,1.1978
2018-04-13 07:03:25,-3.58,-19.3834,0.1491
2018-04-13 08:54:03,-3.15,-20.4245,1.212
2018-04-13 08:54:39,-3.15,-20.4245,1.212
2018-04-23 12:27:49,4,-15.5749,1.8832
2018-04-23 12:40:25,4.04,-15.4204,1.8264
2018-04-23 15:44:20,4.5,-11.564,0.0024
2018-04-23 15:46:12,4.5,-11.564,0.0024
2018-04-23 16:18:05,4.55,-11.105,-0.1779
2018-05-10 04:17:58,-2.6,-20.0196,0.1923
2018-05-10 11:29:00,0.44,-14.4291,2.7674
2018-05-10 11:32:09,0.46,-14.4291,2.7674
2018-05-13 08:04:28,0.29,-13.5242,2.0649
2018-05-13 08:05:49,0.3,-13.159,2.1104
2018-10-01 21:33:03,-1.32,15.783,1.7055
2018-10-01 21:35:40,-1.34,15.783,1.7055
2018-10-01 21:38:09,-1.36,15.783,1.7055
2018-10-01 23:16:51,-2.17,17.1451,1.9159
2018-10-24 07:31:31,4.67,12.1017,-0.9754
2018-10-24 07:42:05,4.65,12.279,-1.0635
2018-10-24 07:45:01,4.65,12.3381,-1.0928
2018-10-27 02:46:58,5.2,11.552,1.5986
2018-10-29 22:36:19,5.69,11.4361,2.8125
2018-10-29 22:38:21,5.69,11.4361,2.8125
2018-10-29 22:39:24,5.69,11.4361,2.8125
2018-10-29 22:42:46,5.69,11.4361,2.8125
2018-11-04 11:36:03,6.24,8.5177,-0.0614
2018-11-04 11:39:26,6.25,8.5177,-0.0614
2018-11-07 09:04:17,7.15,10.8088,-0.1735
2018-11-07 09:07:53,7.16,10.8088,-0.1735
2018-11-12 04:06:06,-0.77,18.62,-0.0363
2018-11-12 04:08:44,-0.78,18.62,-0.0363
2018-11-21 08:44:37,7.87,6.0671,1.5806
2018-11-21 08:48:26,7.92,6.0671,1.5806
2018-11-21 08:50:19,7.94,6.0671,1.5806
2018-11-21 08:52:16,7.97,6.0671,1.5806
2018-11-21 08:57:13,8.03,6.2564,1.5656
2018-11-23 14:54:52,0.63,14.7017,-1.1336
2018-12-02 14:50:23,8.4,3.8519,2.8008
2018-12-07 18:37:08,2.89,12.3083,1.9013
2018-12-08 06:24:16,9.19,3.4463,3.257
2018-12-08 06:44:58,9.52,4.1372,3.3262
2018-12-10 09:46:12,6.71,15.8598,-0.4505
2018-12-10 09:49:07,6.67,15.8598,-0.4505
2018-12-10 09:51:00,6.65,15.8598,-0.4505
2018-12-10 09:53:19,6.63,15.8598,-0.4505
2018-12-10 10:38:42,6.14,15.403,-0.5904
2018-12-13 08:30:59,5.26,13.4144,-0.3159
2018-12-19 14:02:28,10.86,2.7683,4.2602
2018-12-21 19:35:11,6.83,11.7463,3.7866
2018-12-21 20:47:47,5.74,10.7368,3.6532
2018-12-25 05:15:21,11.01,1.2474,4.5939
2018-12-27 21:57:36,7.03,-1.8739,2.6288
2019-01-02 16:37:57,11.7,-0.5108,4.7934
2019-01-11 01:33:31,8.94,-3.4587,3.0971
2019-01-11 02:20:42,10.02,-3.2668,3.5775
2019-01-11 02:22:03,10.07,-3.2668,3.5775
2019-01-16 06:47:50,8.18,7.057,1.966
2019-01-16 06:54:10,8.02,7.057,1.966
2019-01-19 01:07:36,10.18,6.1382,4.1002
2019-01-25 04:20:55,9.13,-5.4404,2.9027
2019-01-25 04:48:44,9.75,-5.4147,3.3128
2019-01-27 12:10:59,10.91,5.5434,2.0802
2019-01-28 00:12:19,9.26,-6.2604,1.9658
2019-01-30 18:50:22,7.72,-6.2467,2.0556
2019-01-30 19:19:23,8.41,-6.4314,2.1532
2019-02-05 20:33:03,8.89,-7.9527,1.6792
2019-02-05 20:34:47,8.91,-7.9527,1.6792
2019-02-05 20:37:33,8.98,-7.9527,1.6792
2019-02-05 20:42:57,9.09,-7.9527,1.6792
2019-02-05 22:13:20,10.93,-8.5712,1.8698
2019-02-05 22:17:36,11,-8.5712,1.8698
2019-02-09 00:19:03,7.21,-7.8766,0.7828
2019-03-02 00:54:22,4.53,-10.0547,-0.6083
2019-03-02 01:20:10,5.02,-10.5291,-0.4804
2019-03-02 01:26:37,5.13,-10.5291,-0.4804
2019-03-02 01:29:10,5.19,-10.5291,-0.4804
2019-03-02 01:34:29,5.28,-10.5291,-0.4804
2019-03-02 01:36:49,5.31,-10.5291,-0.4804
2019-03-02 01:45:26,5.48,-10.7978,-0.3931
2019-03-02 01:46:47,5.5,-10.7978,-0.3931
2019-03-02 01:54:31,5.64,-10.9959,-0.3607
2019-03-02 01:58:07,5.71,-10.9959,-0.3607
2019-03-02 01:59:14,5.73,-10.9959,-0.3607
2019-03-02 02:20:55,6.1,-11.3522,-0.2057
2019-03-02 02:23:19,6.16,-11.3522,-0.2057
2019-03-02 02:33:35,6.33,-11.4756,-0.1006
2019-03-02 02:35:05,6.36,-11.4756,-0.1006
2019-03-05 02:31:29,11.41,-1.0018,0.0518
2019-03-05 15:02:02,5.84,-11.7697,1.9061
2019-03-05 15:03:46,5.86,-11.7697,1.9061
2019-03-05 15:06:50,5.91,-11.7697,1.9061
2019-03-22 14:57:06,10.55,-3.5317,-0.9615
2019-03-22 14:58:31,10.53,-3.5131,-0.963
2019-03-26 04:25:13,8.54,-2.4468,-1.3826
2019-03-30 06:04:42,2.45,-15.8313,0.7432
2019-04-09 16:57:08,-0.87,-14.6983,0.4775
2019-04-09 17:18:49,-0.73,-15.2316,0.0855
2019-04-09 18:04:34,-0.42,-15.9077,-0.4427
2019-04-16 19:34:39,-1.71,-17.1584,-1.4375
2019-04-16 19:53:01,-1.62,-17.3083,-1.5706
2019-04-16 19:54:27,-1.61,-17.3083,-1.5706
2019-04-23 02:40:19,7.43,-8.2254,-3.7424
2019-04-26 13:32:41,7.13,-10.9919,-1.8352
2019-04-26 13:53:28,7.05,-10.4737,-1.9721
2019-04-26 13:58:02,7.03,-10.3603,-2.0009
2019-04-26 14:03:08,7.01,-10.3603,-2.0009
2019-04-26 14:26:10,6.91,-9.8667,-2.1166
2019-04-27 07:52:45,-4.39,-16.6488,3.3339
2019-04-30 01:45:12,6.53,-10.5431,-4.6294
2019-04-30 01:47:09,6.52,-10.5431,-4.6294
2019-05-03 14:21:02,5.81,-10.5603,-2.0917
2019-05-03 14:26:08,5.8,-10.4711,-2.1183
2019-05-03 14:33:29,5.79,-10.4711,-2.1183
2019-05-03 14:44:03,5.76,-10.1506,-2.2067
2019-05-10 13:13:41,4.33,-12.9534,-1.2524
2019-05-10 13:16:55,4.34,-12.9534,-1.2524
2019-05-10 14:05:17,4.4,-11.6975,-1.7045
2019-05-10 14:17:26,4.41,-11.4183,-1.795
2019-05-10 14:20:58,4.41,-11.4183,-1.795
2019-05-10 14:55:05,4.43,-10.4967,-2.1035
2019-05-14 03:18:42,3.84,-9.8269,-3.4465
2019-05-14 03:25:59,3.85,-9.7668,-3.4243
2019-05-14 03:27:11,3.85,-9.7668,-3.4243
2019-05-24 09:06:14,-0.51,-17.932,0.8078
2019-05-24 09:56:56,-0.19,-17.214,0.8578
2019-05-24 10:19:57,-0.05,-16.813,0.8066
2019-05-24 10:21:32,-0.04,-16.813,0.8066
2019-06-07 10:26:38,-3.98,-16.3164,2.255
2019-06-07 10:54:55,-3.71,-16.0168,2.173
2019-06-07 10:57:32,-3.68,-15.9769,2.162
2019-06-07 10:59:29,-3.66,-15.9503,2.1547
2019-06-07 11:13:49,-3.52,-15.763,2.0915
2019-06-07 11:32:25,-3.33,-15.2606,1.8436
,,,
2015-09-19 07:43:30,6.346,5.399,-2.982
2015-10-16 10:33:30,9.231,6.092,-4.403
2015-10-16 13:07:02,8.31,7.078,-4.8
2015-10-22 06:05:22,9.637,3.481,-1.961
2015-11-01 15:08:06,7.814,6.202,-3.47
2015-11-12 07:19:21,11.507,2.302,-1.776
2015-12-08 11:20:44,10.233,1.288,-1.364
2015-12-09 01:06:11,9.922,-3.671,-0.928
2015-12-14 01:17:40,10.131,-4.163,-1.191
2016-01-07 09:36:15,8.888,-1.968,-0.733
2016-01-10 09:13:37,8.808,-2.395,-0.775
2016-02-07 20:23:35,3.874,-9.325,-5.72
2016-10-22 12:58:41,6.406,7.7,-4.706
2016-11-02 14:46:18,7.241,8.812,-3.543
2016-11-06 08:40:58,7.943,4.113,-2.826
2016-11-12 17:48:47,6.624,9.165,-1.104
2016-11-13 09:10:41,8.958,4.563,-2.625
2016-11-18 12:08:11,9.596,6.46,-2.509
2016-11-23 07:49:33,9.613,3.232,-1.604
2016-11-23 07:49:52,9.613,3.232,-1.604
2016-11-23 07:50:30,9.62,3.245,-1.608
2016-11-28 15:47:00,8.884,7.184,-0.44
2016-12-11 04:41:50,9.489,-0.056,-0.448
2016-12-19 14:15:02,10.204,4.17,0.934
2017-01-11 04:22:43,10.809,-3.713,-0.154
2017-01-22 10:15:46,10.744,-2.138,1.766
2017-01-22 10:15:58,10.75,-2.148,1.764
2017-01-22 10:47:33,10.519,1.79,1.837
,,,
2015-08-28 13:57:00,2.48,9.72,-5.2
2015-08-28 13:59:00,2.46,9.75,-5.2
2015-08-28 14:08:00,2.39,9.82,-5.2
