Date,Probe,walen1,walen2,jet_detection,x_gsm,y_gsm,z_gsm,r_spc,r_W,theta_w,jet_time,ind_min_msp,ind_max_msp,ind_min_msh,ind_max_msh,ind_jet_center,angle_b_lmn_vec_msp_msh_median,b_lmn_vec_msp_mean_n,b_lmn_vec_msp_mean_m,b_lmn_vec_msp_mean_l,b_lmn_vec_msp_median_n,b_lmn_vec_msp_median_m,b_lmn_vec_msp_median_l,b_lmn_vec_msh_mean_n,b_lmn_vec_msh_mean_m,b_lmn_vec_msh_mean_l,b_lmn_vec_msh_median_n,b_lmn_vec_msh_median_m,b_lmn_vec_msh_median_l,np_msp_median,np_msp_mean,np_msh_median,np_msh_mean,vp_lmn_vec_msp_mean_n,vp_lmn_vec_msp_mean_m,vp_lmn_vec_msp_mean_l,vp_lmn_vec_msp_median_n,vp_lmn_vec_msp_median_m,vp_lmn_vec_msp_median_l,vp_lmn_vec_msh_mean_n,vp_lmn_vec_msh_mean_m,vp_lmn_vec_msh_mean_l,vp_lmn_vec_msh_median_n,vp_lmn_vec_msh_median_m,vp_lmn_vec_msh_median_l,tp_para_msp_median,tp_para_msh_median,tp_para_msp_mean,tp_para_msh_mean,tp_perp_msp_median,tp_perp_msh_median,tp_perp_msp_mean,tp_perp_msh_mean,beta_msh_mean,beta_msp_mean
2015-09-07 13:57:26+00:00,3,False,False,True,3.66,9.571,-5.576,11.077,3.15,43.568,2015-09-07 13:58:32.387494016+00:00,5612,5644,3426,3458,2454,133.551,9.648,-1.214,25.531,9.639,-1.269,25.568,-13.256,31.261,-24.178,-13.256,31.261,-24.178,0.965,0.966,21.431,21.22,41.623,-3.788,-3.873,46.097,-2.459,-3.299,0.524,-312.786,-208.957,3.892,-318.487,-205.382,68686112.0,3081121.5,68534648.0,3118009.5,77212624.0,3598426.0,78361752.0,3708939.0,1.359,3.225,
2015-09-07 13:58:29+00:00,3,False,False,True,3.653,9.58,-5.575,11.084,3.15,43.568,2015-09-07 13:58:32.387494016+00:00,5822,5854,3426,3458,2454,137.497,7.627,-3.931,27.467,7.736,-3.773,27.474,-13.256,31.261,-24.178,-13.256,31.261,-24.178,1.198,1.201,21.431,21.22,-24.676,50.14,-56.579,-25.069,49.774,-57.608,0.524,-312.786,-208.957,3.892,-318.487,-205.382,57282860.0,3081121.5,56464856.0,3118009.5,65392020.0,3598426.0,65048580.0,3708939.0,1.359,2.985,
2015-09-09 14:30:40+00:00,3,False,False,True,3.655,9.781,-5.57,11.256,1.858,68.337,2015-09-09 14:32:07.216512+00:00,3652,3684,3334,3366,3486,168.304,6.689,29.434,23.246,6.345,29.582,23.157,-5.016,-20.311,-24.115,-5.016,-20.311,-24.115,0.84,0.844,19.043,18.921,29.208,25.828,-56.473,28.932,24.621,-61.383,-118.265,61.344,-33.191,-119.652,61.53,-32.832,45864756.0,2383560.0,45911152.0,2416477.75,52732760.0,2668623.0,52027700.0,2707504.75,1.616,0.967,
2015-09-09 14:32:05+00:00,3,False,False,True,3.643,9.792,-5.567,11.264,1.858,68.337,2015-09-09 14:32:07.216512+00:00,3378,3410,3060,3092,3212,168.304,6.689,29.434,23.246,6.345,29.582,23.157,-5.016,-20.311,-24.115,-5.016,-20.311,-24.115,0.84,0.844,19.043,18.921,29.208,25.828,-56.473,28.932,24.621,-61.383,-118.265,61.344,-33.191,-119.652,61.53,-32.832,45864756.0,2383560.0,45911152.0,2416477.75,52732760.0,2668623.0,52027700.0,2707504.75,1.616,0.967,
2015-09-09 18:49:45+00:00,3,False,False,True,1.303,10.719,-4.023,11.449,0.603,36.047,2015-09-09 18:55:17.682280960+00:00,1531,1563,410,442,3482,48.675,-10.167,32.418,2.721,-9.856,32.472,2.595,-4.905,2.281,-0.265,-4.905,2.281,-0.265,3.638,3.635,11.544,11.498,-20.317,-59.698,12.471,-19.95,-60.372,11.517,-157.4,154.146,44.198,-152.818,154.427,45.312,10123189.0,7052733.0,10099832.0,7095156.0,11723999.0,7014464.5,11617243.0,6991771.5,121.504,1.152,
2015-09-09 18:55:16+00:00,3,False,False,True,1.248,10.708,-3.983,11.425,1.283,54.174,2015-09-09 18:55:17.682280960+00:00,224,256,2256,2288,2157,39.923,-11.178,31.395,2.089,-10.928,31.805,2.504,1.954,12.86,-6.16,1.954,12.86,-6.16,3.777,3.813,12.436,12.471,-31.938,-59.319,17.336,-33.28,-59.461,17.633,32.922,-87.264,29.146,35.344,-87.713,30.302,9824101.0,6256282.0,9772936.0,6225882.5,11367546.0,6883930.0,11367604.0,6888479.5,13.456,1.223,
2015-09-09 19:02:32+00:00,3,False,False,True,1.173,10.691,-3.929,11.39,1.283,54.174,2015-09-09 18:55:17.682280960+00:00,1916,1948,1203,1235,1104,38.58,-17.557,29.983,-6.342,-16.956,31.043,-6.148,1.954,12.86,-6.16,1.954,12.86,-6.16,1.285,1.39,12.436,12.471,-131.104,-83.743,-26.537,-134.298,-80.606,-25.936,32.922,-87.264,29.146,35.344,-87.713,30.302,29976050.0,6256282.0,29578140.0,6225882.5,37284812.0,6883930.0,37647440.0,6888479.5,13.456,1.248,
2015-09-11 16:19:02+00:00,3,False,False,True,2.982,10.379,-5.12,11.573,2.378,38.06,2015-09-11 16:18:27.023752064+00:00,2943,2975,1200,1232,3420,92.632,4.503,15.936,9.291,4.441,15.858,9.279,-21.108,14.725,-18.0,-21.108,14.725,-18.0,0.781,0.776,17.485,17.413,-24.41,67.221,6.607,-21.642,67.575,4.881,-236.486,169.712,-185.421,-237.227,167.458,-184.767,51543744.0,5911115.5,52118012.0,5953350.0,56805924.0,6086563.0,58294796.0,6077510.5,5.41,4.048,
2015-09-11 16:22:06+00:00,3,False,False,True,2.955,10.393,-5.102,11.577,2.051,45.146,2015-09-11 16:18:27.023752064+00:00,2063,2095,5766,5798,2540,104.346,4.503,15.936,9.291,4.441,15.858,9.279,-2.074,7.98,-26.796,-2.074,7.98,-26.796,0.781,0.776,33.669,33.342,-24.41,67.221,6.607,-21.642,67.575,4.881,-313.977,173.158,-162.097,-316.338,172.76,-162.838,51543744.0,3809488.25,52118012.0,3789357.75,56805924.0,4015192.0,58294796.0,4086089.25,5.932,4.048,
2015-09-11 16:25:33+00:00,3,False,False,True,2.923,10.408,-5.08,11.581,2.051,45.146,2015-09-11 16:18:27.023752064+00:00,683,715,4386,4418,1160,104.346,4.503,15.936,9.291,4.441,15.858,9.279,-2.074,7.98,-26.796,-2.074,7.98,-26.796,0.781,0.776,33.669,33.342,-24.41,67.221,6.607,-21.642,67.575,4.881,-313.977,173.158,-162.097,-316.338,172.76,-162.838,51543744.0,3809488.25,52118012.0,3789357.75,56805924.0,4015192.0,58294796.0,4086089.25,5.932,4.048,
2015-09-25 09:37:59+00:00,3,False,False,True,7.101,6.719,-4.469,8.069,4.484,23.951,2015-09-25 09:40:14.918475008+00:00,4347,4379,3042,3074,3836,151.183,11.653,25.854,31.682,13.055,26.891,31.984,3.552,-18.231,-14.055,3.552,-18.231,-14.055,1.602,1.366,20.028,19.785,9.081,-2.096,-46.311,38.862,-58.18,-48.353,-130.768,123.054,-64.141,-130.182,123.607,-64.052,12372202.0,2528983.5,19621960.0,2553360.25,18599782.0,3163794.5,33877416.0,3162578.0,3.471,0.639,
2015-09-25 09:39:25+00:00,3,False,False,True,7.099,6.734,-4.483,8.09,4.484,23.951,2015-09-25 09:40:14.918475008+00:00,3774,3806,2469,2501,3263,151.183,11.653,25.854,31.682,13.055,26.891,31.984,3.552,-18.231,-14.055,3.552,-18.231,-14.055,1.602,1.366,20.028,19.785,9.081,-2.096,-46.311,38.862,-58.18,-48.353,-130.768,123.054,-64.141,-130.182,123.607,-64.052,12372202.0,2528983.5,19621960.0,2553360.25,18599782.0,3163794.5,33877416.0,3162578.0,3.471,0.639,
2015-12-05 00:14:39+00:00,3,False,False,True,9.007,-3.535,-0.728,3.609,1.318,33.776,2015-12-05 00:21:31.853942016+00:00,1436,1468,2176,2208,2117,19.121,14.316,-18.235,56.39,13.752,-19.91,56.321,20.431,-4.229,39.0,20.431,-4.229,39.0,0.997,0.997,18.972,18.607,7.996,43.51,-7.876,7.768,43.297,-8.309,-143.109,90.764,-246.613,-157.177,80.314,-246.993,16423666.0,3866942.5,15997952.0,3927227.0,19819462.0,4279846.5,19896814.0,4222532.0,1.252,0.161,
2015-12-05 00:21:33+00:00,3,False,False,True,9.12,-3.496,-0.731,3.572,1.118,38.033,2015-12-05 00:21:31.853942016+00:00,1436,1468,5319,5351,2117,17.441,14.316,-18.235,56.39,13.752,-19.91,56.321,22.148,-6.927,41.654,22.148,-6.927,41.654,0.997,0.997,20.07,20.303,7.996,43.51,-7.876,7.768,43.297,-8.309,-59.495,174.946,-222.13,-57.674,172.192,-220.712,16423666.0,2817497.75,15997952.0,2826875.75,19819462.0,4514957.0,19896814.0,4490967.5,1.055,0.161,
2015-12-05 23:35:22+00:00,3,False,False,True,8.381,-3.831,-0.75,3.904,6.465,45.542,2015-12-05 23:43:35.745332992+00:00,513,545,1563,1595,2744,135.461,19.333,-33.586,70.906,19.184,-33.545,70.779,10.648,38.194,-21.358,10.648,38.194,-21.358,0.728,0.799,30.544,30.455,-17.25,-158.753,-27.218,-5.841,-149.544,-27.284,-61.462,-20.208,-108.275,-56.193,-20.495,-103.802,19324442.0,4216083.0,19592594.0,4348946.0,32953770.0,5554871.0,32561586.0,5535549.0,2.479,0.102,
2015-12-07 23:57:49+00:00,3,False,False,True,8.879,-3.925,-0.876,4.021,8.577,56.632,2015-12-08 00:07:13.131371520+00:00,986,1018,2133,2165,4325,156.987,14.795,-26.62,56.177,14.742,-27.018,55.778,4.055,18.777,-25.742,4.055,18.777,-25.742,0.24,0.312,15.31,15.404,-19.201,-10.909,18.946,-17.752,-9.207,19.461,-99.196,-69.456,-34.078,-98.119,-71.686,-33.742,25533012.0,4588849.0,22916440.0,4554654.5,38198624.0,6396654.0,33277840.0,6433711.5,2.841,0.07,
2015-12-07 23:59:28+00:00,3,False,False,True,8.91,-3.916,-0.877,4.013,8.577,56.632,2015-12-08 00:07:13.131371520+00:00,986,1018,2133,2165,4325,156.987,14.795,-26.62,56.177,14.742,-27.018,55.778,4.055,18.777,-25.742,4.055,18.777,-25.742,0.24,0.312,15.31,15.404,-19.201,-10.909,18.946,-17.752,-9.207,19.461,-99.196,-69.456,-34.078,-98.119,-71.686,-33.742,25533012.0,4588849.0,22916440.0,4554654.5,38198624.0,6396654.0,33277840.0,6433711.5,2.841,0.07,
2015-12-17 02:22:29+00:00,3,False,True,True,10.737,-4.138,-1.24,4.32,3.045,25.64,2015-12-17 02:22:31.886510976+00:00,1652,1684,554,586,1352,154.847,3.771,-12.766,29.976,3.705,-12.889,30.039,0.03,20.674,-18.9,0.03,20.674,-18.9,1.012,1.018,19.767,19.731,-11.657,-40.373,-48.799,-12.667,-41.535,-49.14,1.479,-50.074,12.877,1.112,-50.104,12.094,11550622.0,1504203.0,11529840.0,1506905.625,11009075.0,2669823.75,10956912.0,2692799.5,1.686,0.372,
2015-12-28 22:20:13+00:00,3,False,False,True,7.724,-6.336,-2.325,6.749,6.027,27.629,2015-12-28 22:21:21.424209024+00:00,183,215,2117,2149,3045,145.487,7.582,-40.068,46.94,7.818,-39.453,47.233,-18.755,6.053,-49.312,-18.755,6.053,-49.312,0.665,0.647,26.224,26.256,-79.841,-12.779,-6.064,-80.015,-15.968,-7.856,-76.02,-81.385,-85.026,-72.443,-76.373,-85.58,13311065.0,3266076.75,13439674.0,3056970.0,16839732.0,3390909.5,17356326.0,3368792.0,1.038,0.086,
2015-12-28 22:21:16+00:00,3,False,False,True,7.739,-6.334,-2.327,6.748,6.027,27.629,2015-12-28 22:21:21.424209024+00:00,2717,2749,2037,2069,2965,151.79,8.45,-31.335,47.554,8.412,-31.249,47.541,-18.755,6.053,-49.312,-18.755,6.053,-49.312,0.503,0.514,26.224,26.256,4.925,-19.026,-32.033,5.085,-15.529,-32.074,-76.02,-81.385,-85.026,-72.443,-76.373,-85.58,22577148.0,3266076.75,22665920.0,3056970.0,36199636.0,3390909.5,36178344.0,3368792.0,1.038,0.146,
2016-01-02 23:46:43+00:00,3,False,False,True,8.748,-6.61,-2.851,7.199,2.185,55.866,2016-01-02 23:48:57.282656+00:00,452,484,1448,1480,1821,120.191,8.902,-29.42,37.938,8.899,-29.495,37.776,-7.218,24.48,4.046,-7.218,24.48,4.046,0.514,0.514,16.389,16.636,-57.083,24.343,-129.618,-56.821,22.425,-132.668,-91.073,-102.035,-43.85,-91.975,-108.339,-49.647,36603808.0,4374648.5,36598740.0,4391053.5,33564204.0,4189497.75,33460448.0,4190769.0,4.461,0.266,
2016-01-02 23:48:54+00:00,3,False,False,True,8.77,-6.604,-2.849,7.193,2.185,55.866,2016-01-02 23:48:57.282656+00:00,452,484,1448,1480,1821,120.191,8.902,-29.42,37.938,8.899,-29.495,37.776,-7.218,24.48,4.046,-7.218,24.48,4.046,0.514,0.514,16.389,16.636,-57.083,24.343,-129.618,-56.821,22.425,-132.668,-91.073,-102.035,-43.85,-91.975,-108.339,-49.647,36603808.0,4374648.5,36598740.0,4391053.5,33564204.0,4189497.75,33460448.0,4190769.0,4.461,0.266,
2016-01-06 22:25:55+00:00,3,False,False,True,7.623,-7.151,-3.187,7.829,5.339,45.161,2016-01-06 22:27:35.354055552+00:00,865,897,2094,2126,809,135.105,15.575,-35.842,31.267,15.618,-35.826,31.414,10.788,13.968,-17.689,10.788,13.968,-17.689,0.465,0.471,19.552,19.5,-99.157,-112.459,81.281,-98.178,-106.857,84.004,-59.402,-65.751,-166.894,-59.313,-65.405,-169.177,22613378.0,3537935.0,22460332.0,3552087.0,37135940.0,4593122.5,37655028.0,4663374.0,4.215,0.18,
2016-01-06 22:29:09+00:00,3,False,False,True,7.662,-7.146,-3.193,7.826,5.339,45.161,2016-01-06 22:27:35.354055552+00:00,865,897,2094,2126,809,135.105,15.575,-35.842,31.267,15.618,-35.826,31.414,10.788,13.968,-17.689,10.788,13.968,-17.689,0.465,0.471,19.552,19.5,-99.157,-112.459,81.281,-98.178,-106.857,84.004,-59.402,-65.751,-166.894,-59.313,-65.405,-169.177,22613378.0,3537935.0,22460332.0,3552087.0,37135940.0,4593122.5,37655028.0,4663374.0,4.215,0.18,
2016-01-07 21:43:05+00:00,3,False,False,True,7.002,-7.287,-3.169,7.946,2.209,61.266,2016-01-07 21:41:16.644825600+00:00,352,384,988,1020,883,107.084,1.012,-42.366,31.121,1.023,-42.192,31.633,15.653,13.444,6.786,15.653,13.444,6.786,1.362,1.37,11.868,11.714,-101.943,-27.259,11.535,-101.316,-23.819,15.78,-98.52,-1.514,-71.314,-106.431,-2.47,-71.962,20592626.0,5642335.5,20425084.0,6048240.0,25334214.0,6696611.5,25461414.0,6719176.5,5.435,0.38,
2016-01-08 00:28:50+00:00,3,False,False,True,8.923,-6.902,-3.241,7.625,4.121,50.702,2016-01-08 00:28:55.050330112+00:00,1127,1159,272,304,1473,164.648,14.954,-27.121,30.146,15.16,-27.145,30.046,-9.412,23.698,-14.648,-9.412,23.698,-14.648,0.614,0.616,17.828,18.151,-116.441,-47.756,-118.328,-118.191,-50.028,-119.446,-201.771,-30.458,-81.142,-195.198,-34.073,-94.122,28421948.0,3457551.5,28496646.0,3503124.25,31263926.0,3580612.75,31510820.0,3528302.0,2.763,0.338,
2016-01-10 20:52:22+00:00,3,False,False,True,6.155,-7.547,-3.242,8.214,3.588,30.1,2016-01-10 20:55:41.850764544+00:00,2203,2235,3071,3103,1918,166.694,-0.487,-36.191,31.049,-0.741,-36.09,31.172,1.83,12.618,-7.017,1.83,12.618,-7.017,0.59,0.589,19.534,19.436,-136.051,-75.665,-103.662,-132.621,-83.019,-99.238,-209.077,-115.392,-146.453,-206.864,-116.54,-151.238,16660999.0,3887907.75,17074944.0,3937660.75,22226774.0,3456667.5,22107040.0,3433634.5,12.033,0.168,
2016-01-10 20:54:14+00:00,3,False,False,True,6.185,-7.548,-3.253,8.219,3.588,30.1,2016-01-10 20:55:41.850764544+00:00,2070,2102,2938,2970,1785,166.694,-0.487,-36.191,31.049,-0.741,-36.09,31.172,1.83,12.618,-7.017,1.83,12.618,-7.017,0.59,0.589,19.534,19.436,-136.051,-75.665,-103.662,-132.621,-83.019,-99.238,-209.077,-115.392,-146.453,-206.864,-116.54,-151.238,16660999.0,3887907.75,17074944.0,3937660.75,22226774.0,3456667.5,22107040.0,3433634.5,12.033,0.168,
2016-02-14 22:22:09+00:00,3,False,False,True,4.188,-9.142,-6.497,11.216,3.382,44.107,2016-02-14 22:23:25.389021440+00:00,171,203,1542,1574,1142,102.427,15.24,39.111,17.032,15.248,39.189,17.06,3.684,-24.745,30.825,3.684,-24.745,30.825,1.514,1.52,24.739,24.773,-22.236,49.97,17.649,-21.983,53.18,19.537,6.33,108.52,-56.652,3.74,109.564,-57.173,23562494.0,706877.3125,23563320.0,710745.875,27998628.0,1439721.5,27934280.0,1440961.0,0.52,0.643,
2016-02-19 20:50:11+00:00,3,False,False,True,2.772,-9.551,-6.611,11.616,9.198,23.119,2016-02-19 20:49:39.796818560+00:00,1533,1565,127,159,1570,139.628,-16.076,-38.961,13.384,-15.882,-39.243,13.289,15.785,13.669,4.754,15.785,13.669,4.754,0.616,0.616,13.556,13.291,-69.73,-8.479,-15.736,-65.895,-8.959,-16.535,-146.626,-132.926,13.89,-145.757,-133.247,15.617,45524896.0,3661208.0,45455244.0,3729361.25,45825720.0,5552684.5,45364192.0,5589939.0,4.245,0.496,
2016-02-19 23:35:47+00:00,3,False,False,True,4.154,-8.837,-6.511,10.977,2.067,47.121,2016-02-19 23:35:49.321327488+00:00,935,967,1631,1663,1347,149.311,-1.787,-29.853,13.156,-1.786,-29.706,12.923,-6.219,10.636,-5.948,-6.219,10.636,-5.948,0.784,0.786,27.974,28.002,-85.228,-20.622,-64.587,-86.306,-19.876,-58.74,-183.039,-85.248,-16.326,-180.746,-83.575,-16.314,34391276.0,2973164.25,34231760.0,2961802.75,28108414.0,3171436.25,27879488.0,3182276.75,15.014,0.821,
2016-10-16 17:23:48+00:00,3,False,False,True,4.083,10.597,-3.754,11.242,3.882,54.177,2016-10-16 17:26:12.387777024+00:00,1653,1685,253,285,1522,176.88,-1.861,26.043,38.847,-1.949,26.279,38.911,2.536,-14.666,-22.014,2.536,-14.666,-22.014,0.64,0.648,12.625,13.593,-185.909,175.368,-41.419,-186.043,168.107,-39.018,-303.701,166.21,-37.452,-297.013,164.913,-41.015,44399856.0,5891217.0,43500064.0,5591799.0,55534268.0,8250834.5,55057412.0,7746580.5,5.352,0.486,
2016-10-16 17:25:23+00:00,3,False,False,True,4.071,10.607,-3.741,11.247,3.882,54.177,2016-10-16 17:26:12.387777024+00:00,1653,1685,253,285,1522,176.88,-1.861,26.043,38.847,-1.949,26.279,38.911,2.536,-14.666,-22.014,2.536,-14.666,-22.014,0.64,0.648,12.625,13.593,-185.909,175.368,-41.419,-186.043,168.107,-39.018,-303.701,166.21,-37.452,-297.013,164.913,-41.015,44399856.0,5891217.0,43500064.0,5591799.0,55534268.0,8250834.5,55057412.0,7746580.5,5.352,0.486,
2016-10-17 14:25:54+00:00,3,False,False,True,5.416,8.797,-4.848,10.045,2.374,75.048,2016-10-17 14:26:58.554973056+00:00,1116,1148,709,741,1296,40.349,4.992,21.429,26.189,4.733,21.447,26.131,7.859,0.243,17.259,7.859,0.243,17.259,0.453,0.458,10.689,10.736,-31.011,67.78,72.838,-23.781,65.281,72.508,-248.818,198.316,-123.496,-247.599,198.4,-123.67,77374984.0,4843712.0,77941864.0,4820776.5,95514376.0,6152392.5,95120368.0,6120201.5,5.577,1.135,
2016-10-17 14:26:57+00:00,3,False,False,True,5.409,8.817,-4.843,10.059,2.374,75.048,2016-10-17 14:26:58.554973056+00:00,1116,1148,709,741,1296,40.349,4.992,21.429,26.189,4.733,21.447,26.131,7.859,0.243,17.259,7.859,0.243,17.259,0.453,0.458,10.689,10.736,-31.011,67.78,72.838,-23.781,65.281,72.508,-248.818,198.316,-123.496,-247.599,198.4,-123.67,77374984.0,4843712.0,77941864.0,4820776.5,95514376.0,6152392.5,95120368.0,6120201.5,5.577,1.135,
2016-10-28 15:12:41+00:00,3,False,False,True,6.492,9.217,-3.828,9.98,1.16,75.093,2016-10-28 15:21:05.613678976+00:00,2127,2159,108,140,1894,39.146,14.78,-11.869,31.155,14.859,-11.974,31.407,0.633,5.728,26.452,0.633,5.728,26.452,0.813,0.9,20.07,20.095,120.853,47.381,-4.59,122.616,46.06,-6.535,-131.849,-404.257,-187.747,-131.725,-403.634,-188.125,26720592.0,3914462.0,25492132.0,3946243.75,31554186.0,6208542.0,30148478.0,6167918.0,4.224,0.635,
2016-11-02 09:39:07+00:00,3,False,False,True,7.747,4.963,-3.404,6.018,4.449,50.777,2016-11-02 09:38:23.007303936+00:00,4376,4408,1924,1956,3705,160.677,13.973,-28.956,45.113,13.982,-28.996,45.106,0.274,15.994,-16.187,0.274,15.994,-16.187,1.066,1.074,37.995,38.492,-13.459,-10.103,-7.992,-13.386,-11.39,-6.154,-57.265,-130.977,-153.093,-56.262,-129.663,-154.965,41852528.0,2785065.75,41781652.0,2798736.75,53445944.0,3588637.75,53140020.0,3553628.75,7.834,0.553,
2016-11-03 09:18:26+00:00,3,False,False,True,7.784,4.671,-3.225,5.676,1.676,37.666,2016-11-03 09:19:47.868011392+00:00,2224,2256,537,569,1092,34.369,22.065,-30.886,35.74,21.836,-30.184,36.448,8.682,-1.023,23.069,8.682,-1.023,23.069,1.906,2.174,23.688,23.535,-22.283,12.496,-6.627,-25.847,25.54,-11.5,45.304,-57.549,84.887,44.65,-56.697,84.939,6868484.5,4387957.0,7345446.0,4355208.0,7718699.5,4261839.5,8149802.5,4288993.5,5.961,0.211,
2016-11-10 18:34:33+00:00,3,False,False,True,5.938,9.367,-0.905,9.411,1.505,35.31,2016-11-10 18:34:38.223780992+00:00,4645,4677,1113,1145,4033,72.99,11.169,-9.1,18.49,11.13,-9.518,18.277,-2.664,35.499,40.252,-2.664,35.499,40.252,2.474,2.471,30.605,31.098,-32.647,49.538,7.141,-31.244,47.889,5.529,51.735,-227.635,68.365,53.976,-225.512,69.076,66944264.0,3404374.25,67017304.0,3380464.25,86480168.0,4737312.5,86257376.0,4708081.5,1.454,11.457,
2016-11-14 13:13:55+00:00,3,False,False,True,8.973,7.339,-2.767,7.843,3.521,73.576,2016-11-14 13:14:40.756558080+00:00,3510,3542,895,927,2377,153.571,9.041,-15.633,29.576,9.05,-15.736,29.542,-4.852,22.554,-16.02,-4.852,22.554,-16.02,0.429,0.433,16.551,16.418,-25.577,-44.096,-4.49,-23.245,-47.421,1.223,-233.157,-273.93,-109.649,-228.547,-271.213,-110.713,57618480.0,3534468.75,57714364.0,3571346.75,68413184.0,5276787.0,69129920.0,5333202.5,2.992,0.77,
2016-11-14 15:35:04+00:00,3,False,False,True,8.087,8.473,-1.998,8.705,1.73,60.826,2016-11-14 15:35:09.628496512+00:00,1239,1271,2129,2161,1504,87.955,7.133,-11.924,32.456,7.253,-12.231,32.98,-2.341,21.978,9.602,-2.341,21.978,9.602,0.717,0.987,19.587,19.709,-43.847,-143.954,-188.646,-31.369,-150.191,-232.388,-207.926,-315.195,90.529,-211.163,-315.423,88.489,27868450.0,3045305.5,29244098.0,3009384.5,26626320.0,3966565.5,28880660.0,3986535.5,4.09,0.8,
2016-11-14 15:37:23+00:00,3,False,False,True,8.071,8.485,-1.984,8.714,1.73,60.826,2016-11-14 15:35:09.628496512+00:00,1239,1271,2129,2161,1504,87.955,7.133,-11.924,32.456,7.253,-12.231,32.98,-2.341,21.978,9.602,-2.341,21.978,9.602,0.717,0.987,19.587,19.709,-43.847,-143.954,-188.646,-31.369,-150.191,-232.388,-207.926,-315.195,90.529,-211.163,-315.423,88.489,27868450.0,3045305.5,29244098.0,3009384.5,26626320.0,3966565.5,28880660.0,3986535.5,4.09,0.8,
2016-11-15 08:35:31+00:00,3,False,False,True,9.003,4.057,-2.326,4.676,2.112,63.989,2016-11-15 08:36:46.054040448+00:00,739,771,1243,1275,1079,22.39,16.223,-20.028,52.11,16.362,-20.098,52.081,-3.673,-11.211,33.797,-3.673,-11.211,33.797,1.602,1.45,19.944,20.021,29.657,-75.57,-50.904,33.474,-77.084,-49.411,15.613,-159.079,-309.134,17.987,-158.42,-306.54,9304879.0,2010768.625,11049917.0,1974637.625,10840517.0,3467725.75,12701583.0,3333916.5,1.336,0.173,
2016-11-15 08:36:43+00:00,3,False,False,True,9.009,4.07,-2.33,4.69,2.112,63.989,2016-11-15 08:36:46.054040448+00:00,739,771,1243,1275,1079,22.39,16.223,-20.028,52.11,16.362,-20.098,52.081,-3.673,-11.211,33.797,-3.673,-11.211,33.797,1.602,1.45,19.944,20.021,29.657,-75.57,-50.904,33.474,-77.084,-49.411,15.613,-159.079,-309.134,17.987,-158.42,-306.54,9304879.0,2010768.625,11049917.0,1974637.625,10840517.0,3467725.75,12701583.0,3333916.5,1.336,0.173,
2016-11-25 10:30:16+00:00,3,False,True,True,10.346,4.98,-1.823,5.303,1.532,63.134,2016-11-25 10:32:24.776338560+00:00,2217,2249,1515,1547,2657,92.017,12.819,-17.846,38.19,12.861,-17.882,38.141,0.481,-9.984,-5.303,0.481,-9.984,-5.303,0.3,0.307,14.164,14.114,22.269,-24.588,16.427,19.063,-25.199,16.581,-62.054,-218.842,-63.921,-60.591,-219.256,-66.498,29327092.0,6830786.5,29622138.0,6866926.0,37375288.0,6941535.5,36683456.0,6951271.5,26.844,0.175,
2016-11-26 17:00:56+00:00,3,False,True,True,7.934,7.606,-0.106,7.607,8.464,58.473,2016-11-26 16:59:37.843481600+00:00,204,236,953,985,558,115.835,9.199,-9.567,46.199,9.195,-9.577,46.205,-0.411,-24.833,-19.338,-0.411,-24.833,-19.338,0.483,0.49,14.283,14.147,46.96,-4.555,7.213,48.025,-4.114,7.172,-42.878,-298.687,12.245,-47.256,-298.183,10.852,29380010.0,3250927.0,29708560.0,3313097.25,42865352.0,5609208.0,42546208.0,5593271.5,2.051,0.25,
2016-12-02 15:59:35+00:00,3,False,False,True,8.879,6.755,0.033,6.755,3.953,23.445,2016-12-02 15:59:37.032526464+00:00,899,931,2590,2622,1351,146.927,3.654,-6.298,42.338,3.656,-6.256,42.268,2.084,-7.555,-17.952,2.084,-7.555,-17.952,1.077,1.096,30.272,30.19,8.459,40.994,-25.344,6.851,47.631,-25.993,-12.08,-101.595,-64.249,-13.278,-99.269,-63.01,21381660.0,1820574.625,21517926.0,1827172.375,31685652.0,2114969.5,31939552.0,2111782.5,5.096,0.515,
2016-12-10 15:33:47+00:00,3,False,False,True,9.305,5.672,0.589,5.703,3.116,49.282,2016-12-10 15:42:46.492041984+00:00,2847,2879,1559,1591,3059,73.668,-14.457,11.497,49.452,-14.159,10.744,49.799,14.344,-20.004,17.393,14.344,-20.004,17.393,3.737,3.765,26.259,25.716,-12.007,8.992,41.662,-15.964,12.611,41.58,-96.604,227.45,99.667,-99.447,225.588,93.81,10450013.0,4303813.0,10397737.0,4343853.5,12943410.0,4286668.5,12972895.0,4261055.0,4.24,0.528,
2016-12-10 15:36:11+00:00,3,False,False,True,9.274,5.681,0.603,5.712,3.116,49.282,2016-12-10 15:42:46.492041984+00:00,2691,2723,1313,1345,2813,64.403,-10.302,2.637,51.77,-10.7,2.814,51.486,14.344,-20.004,17.393,14.344,-20.004,17.393,2.913,2.936,26.259,25.716,4.881,15.477,183.993,5.474,13.382,181.474,-96.604,227.45,99.667,-99.447,225.588,93.81,12351237.0,4303813.0,12536553.0,4343853.5,16003894.0,4286668.5,16227124.0,4261055.0,4.24,0.502,
2016-12-13 15:17:47+00:00,3,False,False,True,9.509,5.226,0.75,5.28,5.695,60.632,2016-12-13 15:22:44.035859968+00:00,2462,2494,975,1007,2398,81.345,-5.23,-11.679,47.085,-4.468,-11.709,47.17,-2.762,35.181,14.406,-2.762,35.181,14.406,3.79,3.654,12.757,12.753,42.077,-123.737,25.918,43.626,-119.44,36.738,-19.604,-105.843,11.142,-19.771,-106.415,7.23,7417231.5,3415421.25,6823418.5,3443349.5,7757543.0,6010488.5,7802533.5,5993484.0,1.302,0.381,
2016-12-13 15:21:01+00:00,3,False,False,True,9.465,5.24,0.767,5.295,5.695,60.632,2016-12-13 15:22:44.035859968+00:00,2462,2494,975,1007,2398,81.345,-5.23,-11.679,47.085,-4.468,-11.709,47.17,-2.762,35.181,14.406,-2.762,35.181,14.406,3.79,3.654,12.757,12.753,42.077,-123.737,25.918,43.626,-119.44,36.738,-19.604,-105.843,11.142,-19.771,-106.415,7.23,7417231.5,3415421.25,6823418.5,3443349.5,7757543.0,6010488.5,7802533.5,5993484.0,1.302,0.381,
2016-12-13 15:22:40+00:00,3,False,False,True,9.446,5.245,0.774,5.302,5.695,60.632,2016-12-13 15:22:44.035859968+00:00,2462,2494,975,1007,2398,81.345,-5.23,-11.679,47.085,-4.468,-11.709,47.17,-2.762,35.181,14.406,-2.762,35.181,14.406,3.79,3.654,12.757,12.753,42.077,-123.737,25.918,43.626,-119.44,36.738,-19.604,-105.843,11.142,-19.771,-106.415,7.23,7417231.5,3415421.25,6823418.5,3443349.5,7757543.0,6010488.5,7802533.5,5993484.0,1.302,0.381,
2016-12-22 14:30:01+00:00,3,False,False,True,9.956,3.846,1.191,4.026,2.158,34.006,2016-12-22 14:30:05.641104512+00:00,570,602,1834,1866,1343,148.462,6.149,-3.779,58.668,5.931,-3.883,58.615,-10.643,-15.396,-31.118,-10.643,-15.396,-31.118,0.659,0.658,29.576,28.329,12.787,95.768,8.113,8.198,94.247,5.91,-179.514,-197.913,-126.796,-177.597,-205.069,-118.529,20424954.0,4430049.0,20597466.0,4453841.0,24480404.0,5075801.5,24768358.0,4908444.0,3.94,0.144,
2016-12-23 02:53:42+00:00,3,False,False,True,8.883,-1.999,-0.648,2.102,7.926,39.112,2016-12-23 02:53:38.303021440+00:00,1271,1303,1763,1795,761,149.447,22.823,17.026,66.823,22.734,17.133,66.827,2.68,-23.953,-33.09,2.68,-23.953,-33.09,0.602,0.595,15.401,16.173,-25.669,46.713,2.54,-26.283,55.988,2.089,-117.84,38.432,-151.583,-112.343,43.204,-152.758,26997688.0,6795024.0,27908204.0,6710301.0,35202556.0,8677825.0,36661892.0,8543021.0,2.559,0.121,
2016-12-26 11:20:05+00:00,3,False,False,True,11.568,2.018,0.974,2.24,0.821,31.609,2016-12-26 11:20:07.908366976+00:00,2767,2799,3608,3640,1685,53.977,7.862,4.758,36.189,8.005,4.696,36.242,3.043,22.372,11.932,3.043,22.372,11.932,0.891,0.929,16.954,16.49,79.411,-140.171,10.528,76.051,-139.12,12.85,-160.557,127.691,-36.695,-159.946,128.249,-42.837,12880357.0,3546638.5,13806562.0,3556809.75,15055593.0,3881827.75,16224242.0,3918563.5,3.241,0.338,
2016-12-26 15:05:10+00:00,3,False,False,True,9.328,3.49,1.54,3.814,3.279,60.419,2016-12-26 15:05:13.804152576+00:00,1319,1351,589,621,1132,133.499,-9.327,0.313,65.242,-9.373,0.317,65.258,-6.179,21.939,-24.022,-6.179,21.939,-24.022,0.406,0.407,15.42,15.897,-7.672,4.785,9.096,-5.699,6.362,7.849,-63.528,156.075,-61.899,-63.592,161.712,-60.743,33527106.0,5957559.0,33917640.0,5916822.0,42753956.0,8572154.0,42488872.0,8592610.0,3.652,0.12,
2016-12-27 03:02:20+00:00,3,False,False,True,9.348,-2.327,-0.592,2.401,5.171,25.109,2016-12-27 03:02:25.084400512+00:00,867,899,2706,2738,406,72.259,21.417,22.925,54.349,21.305,22.881,54.35,3.577,-27.355,22.665,3.577,-27.355,22.665,0.721,0.725,15.718,15.792,28.154,-20.325,55.343,27.864,-17.48,56.589,-119.94,-105.032,-155.594,-126.747,-108.54,-156.593,30119304.0,3484784.25,30841022.0,3493755.25,38300368.0,6757970.0,38051596.0,6765128.5,1.987,0.212,
2016-12-27 03:14:33+00:00,3,False,False,True,9.539,-2.249,-0.517,2.308,1.858,62.252,2016-12-27 03:15:49.016248960+00:00,4921,4953,4164,4196,3364,45.491,23.73,26.377,51.62,23.928,26.344,51.548,9.197,-14.723,41.856,9.197,-14.723,41.856,0.834,0.814,14.317,14.086,56.701,-4.887,4.73,56.751,-8.233,5.621,10.477,-66.225,-46.077,15.262,-67.095,-48.574,24975432.0,4051265.0,26366920.0,4057337.5,27168134.0,7107402.0,28669866.0,7125112.0,1.182,0.195,
2016-12-27 03:15:45+00:00,3,False,False,True,9.554,-2.243,-0.512,2.3,1.858,62.252,2016-12-27 03:15:49.016248960+00:00,5161,5193,4164,4196,3364,27.1,13.831,5.806,41.77,13.831,5.796,41.778,9.197,-14.723,41.856,9.197,-14.723,41.856,0.512,0.511,14.317,14.086,-17.98,17.122,42.045,-15.168,20.726,42.242,10.477,-66.225,-46.077,15.262,-67.095,-48.574,56697616.0,4051265.0,56912644.0,4057337.5,52399644.0,7107402.0,52631896.0,7125112.0,1.182,0.499,
2016-12-27 03:37:48+00:00,3,False,False,True,9.869,-2.099,-0.382,2.133,0.987,68.922,2016-12-27 03:36:35.826912512+00:00,1342,1374,2937,2969,2251,7.303,15.6,11.422,46.734,15.658,11.44,46.807,11.612,3.644,34.278,11.612,3.644,34.278,0.426,0.427,16.498,16.477,-17.428,9.107,-7.615,-15.018,8.995,-4.454,-49.134,-57.191,27.824,-46.942,-60.229,29.438,49691656.0,4345133.0,49825360.0,4364150.0,57055688.0,7941056.5,56541224.0,7943513.5,2.818,0.301,
2017-01-09 03:08:41+00:00,3,True,True,True,10.016,-3.809,-0.688,3.871,1.412,29.053,2017-01-09 03:08:44.731137536+00:00,232,264,883,915,611,37.253,29.155,24.887,51.71,29.272,24.89,51.668,7.537,-5.819,25.984,7.537,-5.819,25.984,0.561,0.566,22.184,22.4,-101.64,127.911,0.643,-97.97,129.575,2.583,-147.009,-2.312,-196.47,-156.31,-1.198,-199.143,30431720.0,4028260.5,30659298.0,4038254.25,29216444.0,5313433.0,29113792.0,5349981.5,5.5,0.143,
2017-01-09 12:49:03+00:00,3,False,False,True,10.32,0.883,1.789,1.995,0.854,58.101,2017-01-09 12:51:10.618469120+00:00,212,244,1670,1702,1584,130.227,7.803,9.953,51.161,6.987,9.295,52.087,-9.758,14.004,-17.247,-9.758,14.004,-17.247,2.675,2.765,18.081,17.765,-5.244,129.358,-166.089,-5.483,126.934,-165.23,-35.292,57.827,-46.854,-33.057,58.882,-47.745,11069449.0,6958137.5,11225514.0,6938223.0,11436449.0,8615545.0,11970423.0,8613127.0,8.068,0.396,
2017-01-09 12:51:31+00:00,3,False,False,True,10.291,0.904,1.793,2.008,0.854,58.102,2017-01-09 12:51:10.618469120+00:00,212,244,1670,1702,1584,130.227,7.803,9.953,51.161,6.987,9.295,52.087,-9.758,14.004,-17.247,-9.758,14.004,-17.247,2.675,2.765,18.081,17.765,-5.244,129.358,-166.089,-5.483,126.934,-165.23,-35.291,57.828,-46.854,-33.056,58.882,-47.745,11069449.0,6958137.5,11225514.0,6938223.0,11436449.0,8615545.0,11970423.0,8613127.0,8.068,0.396,
2017-01-09 13:41:10+00:00,3,False,False,True,9.658,1.3,1.868,2.276,6.989,24.769,2017-01-09 13:42:42.296386560+00:00,1079,1111,2050,2082,928,120.54,-2.31,-7.621,58.659,-2.364,-7.667,58.809,-4.096,16.367,-7.5,-4.096,16.367,-7.5,1.549,1.575,11.492,11.497,17.484,32.489,26.539,17.154,32.598,25.731,-12.168,-32.298,169.61,-4.844,-31.492,167.559,7490751.5,15108408.0,7689906.0,15169995.0,10347978.0,16281526.0,10569446.0,16076449.0,19.157,0.135,
2017-01-09 13:44:01+00:00,3,False,False,True,9.616,1.323,1.873,2.293,6.989,24.769,2017-01-09 13:42:42.296386560+00:00,1079,1111,2050,2082,928,120.54,-2.31,-7.621,58.659,-2.364,-7.667,58.809,-4.096,16.367,-7.5,-4.096,16.367,-7.5,1.549,1.575,11.492,11.497,17.484,32.489,26.539,17.154,32.598,25.731,-12.168,-32.298,169.61,-4.844,-31.492,167.559,7490751.5,15108408.0,7689906.0,15169995.0,10347978.0,16281526.0,10569446.0,16076449.0,19.157,0.135,
2017-01-09 13:47:33+00:00,3,False,False,True,9.566,1.349,1.879,2.313,6.989,24.769,2017-01-09 13:42:42.296386560+00:00,1079,1111,2050,2082,928,120.54,-2.31,-7.621,58.659,-2.364,-7.667,58.809,-4.096,16.367,-7.5,-4.096,16.367,-7.5,1.549,1.575,11.492,11.497,17.484,32.489,26.539,17.154,32.598,25.731,-12.168,-32.298,169.61,-4.844,-31.492,167.559,7490751.5,15108408.0,7689906.0,15169995.0,10347978.0,16281526.0,10569446.0,16076449.0,19.157,0.135,
2017-01-11 01:58:27+00:00,3,False,False,True,9.123,-4.268,-1.252,4.448,2.73,44.794,2017-01-11 02:01:14.504787968+00:00,2451,2483,787,819,5115,19.799,14.864,32.317,52.937,14.721,32.425,52.888,5.28,22.582,17.949,5.28,22.582,17.949,0.985,0.992,20.78,20.697,-23.574,32.613,-69.674,-22.054,32.544,-69.485,-71.275,133.844,-169.655,-74.307,132.803,-169.958,10581362.0,4041182.0,10615932.0,3987224.5,13923507.0,6949535.5,13799663.0,6980253.0,3.958,0.099,
2017-01-11 02:01:13+00:00,3,False,False,True,9.16,-4.263,-1.234,4.438,6.37,34.221,2017-01-11 02:01:14.504787968+00:00,1344,1376,5043,5075,4008,110.751,14.864,32.317,52.937,14.721,32.425,52.888,-12.597,13.755,-15.205,-12.597,13.755,-15.205,0.985,0.992,20.628,20.539,-23.574,32.613,-69.674,-22.054,32.544,-69.485,-34.268,83.009,-78.705,-34.649,82.692,-78.47,10581362.0,5198971.0,10615932.0,5181958.5,13923507.0,5658315.0,13799663.0,5688074.0,6.802,0.099,
2017-01-11 02:05:21+00:00,3,False,False,True,9.219,-4.254,-1.206,4.422,6.37,34.221,2017-01-11 02:01:14.504787968+00:00,1886,1918,3391,3423,2356,116.514,15.692,24.942,51.747,15.627,24.906,51.45,-12.597,13.755,-15.205,-12.597,13.755,-15.205,1.347,1.339,20.628,20.539,13.646,55.345,-13.446,13.82,58.861,-16.058,-34.268,83.009,-78.705,-34.649,82.692,-78.47,11309227.0,5198971.0,11376270.0,5181958.5,14869905.0,5658315.0,14940912.0,5688074.0,6.802,0.165,
2017-01-11 02:06:24+00:00,3,False,False,True,9.241,-4.25,-1.196,4.415,6.37,34.221,2017-01-11 02:01:14.504787968+00:00,1466,1498,2971,3003,1936,116.514,15.692,24.942,51.747,15.627,24.906,51.45,-12.597,13.755,-15.205,-12.597,13.755,-15.205,1.347,1.339,20.628,20.539,13.646,55.345,-13.446,13.82,58.861,-16.058,-34.268,83.009,-78.705,-34.649,82.692,-78.47,11309227.0,5198971.0,11376270.0,5181958.5,14869905.0,5658315.0,14940912.0,5688074.0,6.802,0.165,
2017-01-15 00:56:38+00:00,3,False,False,True,8.256,-4.8,-1.793,5.124,1.394,30.294,2017-01-15 00:57:53.511683072+00:00,1242,1274,534,566,2137,40.481,17.953,29.144,52.016,17.79,28.877,51.996,3.162,-4.77,23.772,3.162,-4.77,23.772,2.137,2.188,45.816,45.457,-18.242,68.158,-98.647,-17.64,73.345,-97.896,0.94,49.128,-91.068,2.492,47.07,-91.856,4363279.0,3218030.0,4488822.5,3368002.25,5083111.0,2802735.75,5151190.5,2800228.25,8.592,0.092,
2017-01-15 00:57:50+00:00,3,False,False,True,8.273,-4.8,-1.787,5.122,1.394,30.294,2017-01-15 00:57:53.511683072+00:00,1242,1274,534,566,2137,40.481,17.953,29.144,52.016,17.79,28.877,51.996,3.162,-4.77,23.772,3.162,-4.77,23.772,2.137,2.188,45.816,45.457,-18.242,68.158,-98.647,-17.64,73.345,-97.896,0.94,49.128,-91.068,2.492,47.07,-91.856,4363279.0,3218030.0,4488822.5,3368002.25,5083111.0,2802735.75,5151190.5,2800228.25,8.592,0.092,
2017-01-16 00:56:29+00:00,3,False,False,True,8.283,-4.917,-1.833,5.247,4.934,38.535,2017-01-16 00:56:09.818438528+00:00,924,956,2463,2495,1510,89.709,15.066,30.24,58.752,15.06,30.166,58.8,-0.388,8.749,-4.332,-0.388,8.749,-4.332,2.059,2.056,77.982,78.394,-30.197,9.37,-53.369,-30.308,9.213,-54.038,-19.04,53.841,-95.533,-19.257,53.623,-97.005,13260519.0,1725801.25,13374243.0,1729136.75,12645802.0,1712206.375,12691962.0,1710982.0,73.069,0.204,
2017-01-23 10:32:01+00:00,3,False,False,True,10.541,-2.072,1.807,2.749,3.551,28.475,2017-01-23 10:31:28.858710528+00:00,3498,3530,2365,2397,1983,16.397,-1.613,0.944,56.591,-1.547,0.768,56.583,-12.248,-1.694,38.479,-12.248,-1.694,38.479,2.094,2.073,10.532,10.541,-16.729,44.402,59.344,-12.27,43.416,59.093,-18.386,9.037,82.16,-19.071,9.453,82.141,5835054.0,3038972.0,5884785.5,3047300.5,8636320.0,6585295.5,8762611.0,6608926.0,0.925,0.154,
2017-01-24 03:02:59+00:00,3,False,False,True,9.851,-5.754,-1.216,5.881,4.508,37.311,2017-01-24 03:03:58.794289536+00:00,6877,6909,1064,1096,4398,16.168,9.732,15.746,35.711,9.752,15.754,35.71,6.495,17.239,20.212,6.495,17.239,20.212,0.386,0.383,11.805,11.794,-2.489,-12.806,-30.482,-2.095,-14.617,-32.46,-25.888,106.52,-72.253,-26.966,109.034,-73.518,21546542.0,1766368.625,21783968.0,1745235.125,29188682.0,3491320.75,29089070.0,3507945.0,1.313,0.199,
2017-01-24 04:36:44+00:00,3,False,True,True,10.571,-5.395,-0.349,5.406,3.086,38.305,2017-01-24 04:36:48.867543040+00:00,389,421,2239,2271,839,146.184,8.599,19.262,38.267,8.522,19.245,38.314,-3.223,-10.378,-5.705,-3.223,-10.378,-5.705,0.518,0.523,18.765,18.41,0.254,34.818,-42.752,-9.503,32.973,-45.423,-15.183,118.403,-32.125,-14.674,116.826,-30.171,15912180.0,2643903.75,15935141.0,2648803.0,18210916.0,2768312.25,18547096.0,2776156.0,10.526,0.16,
2017-01-28 00:33:45+00:00,3,False,False,True,7.993,-6.3,-2.524,6.786,8.988,39.907,2017-01-28 00:28:03.002752+00:00,2093,2125,902,934,1720,144.106,10.452,32.984,52.176,10.531,33.317,51.897,-7.118,-26.786,-10.203,-7.118,-26.786,-10.203,1.899,1.924,31.816,32.524,-6.461,119.418,-152.58,-5.498,139.935,-151.945,-79.392,102.009,-107.131,-78.85,103.334,-106.688,9046668.0,3737197.5,9040524.0,3709820.0,10321558.0,4917391.5,10512707.0,4828479.0,5.363,0.162,
2017-01-29 09:40:08+00:00,3,False,False,True,10.353,-3.296,1.66,3.69,5.846,37.41,2017-01-29 09:40:05.867035392+00:00,789,821,280,312,1152,128.5,-1.193,3.281,52.709,-1.278,3.162,52.82,-1.012,18.772,-16.93,-1.012,18.772,-16.93,0.971,0.948,19.274,19.085,36.381,142.906,-12.142,35.124,141.151,-12.369,31.466,104.471,-40.554,30.803,105.141,-38.716,12782698.0,3981172.0,13989808.0,3967755.5,14414256.0,4618901.5,15512113.0,4652165.0,4.252,0.171,
2017-12-29 04:02:41+00:00,3,False,False,True,9.032,7.609,4.802,8.998,3.476,25.346,2017-12-29 03:58:55.687504512+00:00,5489,5521,1461,1493,2497,118.578,1.393,-10.776,38.256,1.391,-10.773,38.269,0.614,21.132,-4.86,0.614,21.132,-4.86,0.662,0.664,19.717,19.666,2.417,5.977,26.63,0.784,6.889,26.116,34.448,-121.068,97.023,35.437,-121.487,98.1,17242550.0,1764184.5,17177622.0,1717316.25,21680116.0,2421600.0,21743066.0,2379519.25,2.745,0.272,
2018-01-21 04:28:24+00:00,3,False,False,True,7.693,-6.472,0.161,6.474,4.346,58.738,2018-01-21 04:28:30.007058944+00:00,740,772,3170,3202,1780,30.425,13.183,28.334,49.363,13.281,28.246,49.361,0.667,33.56,21.025,0.667,33.56,21.025,3.039,3.034,44.44,45.482,37.091,-38.848,2.1,37.184,-39.35,1.741,18.217,70.995,19.636,18.223,75.106,16.98,14862087.0,1691561.375,15044051.0,1720923.25,17147218.0,2544154.5,17271822.0,2568509.75,2.26,0.487,
2018-02-09 22:19:57+00:00,3,True,False,True,5.935,-8.876,-2.311,9.172,2.55,20.379,2018-02-09 22:21:26.097155072+00:00,1391,1423,4287,4319,3150,154.714,1.743,17.235,38.146,1.887,17.26,38.142,1.098,-20.923,-18.078,1.098,-20.923,-18.078,1.019,1.017,32.118,32.145,9.311,-16.17,-42.499,5.729,-15.66,-39.885,-23.875,142.355,-95.778,-26.399,143.392,-95.246,27243742.0,1364021.25,27326210.0,1396085.25,31649320.0,1823115.75,31626666.0,1824932.0,2.134,0.578,
2018-02-09 22:21:23+00:00,3,True,False,True,5.965,-8.896,-2.313,9.192,2.55,20.379,2018-02-09 22:21:26.097155072+00:00,867,899,3754,3786,2617,154.639,2.138,17.167,38.18,2.097,17.26,38.178,1.098,-20.923,-18.078,1.098,-20.923,-18.078,1.014,1.011,32.118,32.145,24.45,-17.389,-49.59,20.86,-14.69,-49.66,-23.875,142.355,-95.778,-26.399,143.392,-95.246,27243742.0,1364021.25,27297718.0,1396085.25,31649320.0,1823115.75,31647642.0,1824932.0,2.134,0.574,
2018-02-18 09:30:24+00:00,3,False,False,True,4.759,-10.115,0.342,10.121,4.009,36.329,2018-02-18 09:33:04.203419520+00:00,406,438,3835,3867,2941,166.218,6.99,29.296,47.399,8.13,29.922,47.368,0.948,-19.338,-21.735,0.948,-19.338,-21.735,1.774,1.735,16.382,16.397,-35.518,125.471,-76.979,-73.539,103.114,-87.665,21.718,269.171,7.848,22.022,269.335,7.921,14280391.0,4581797.5,16516655.0,4552800.5,24530810.0,5939781.5,25129560.0,5927464.0,3.383,0.37,
2018-02-18 09:32:03+00:00,3,False,False,True,4.786,-10.138,0.351,10.144,4.009,36.329,2018-02-18 09:33:04.203419520+00:00,406,438,3835,3867,2941,166.218,6.99,29.296,47.399,8.13,29.922,47.368,0.948,-19.338,-21.735,0.948,-19.338,-21.735,1.774,1.735,16.382,16.397,-35.518,125.471,-76.979,-73.539,103.114,-87.665,21.718,269.171,7.848,22.022,269.335,7.921,14280391.0,4581797.5,16516655.0,4552800.5,24530810.0,5939781.5,25129560.0,5927464.0,3.383,0.37,
2018-02-18 09:34:41+00:00,3,False,False,True,4.83,-10.176,0.368,10.183,4.009,36.329,2018-02-18 09:33:04.203419520+00:00,406,438,3835,3867,2941,166.218,6.99,29.296,47.399,8.13,29.922,47.368,0.948,-19.338,-21.735,0.948,-19.338,-21.735,1.774,1.735,16.382,16.397,-35.518,125.471,-76.979,-73.539,103.114,-87.665,21.718,269.171,7.848,22.022,269.335,7.921,14280391.0,4581797.5,16516655.0,4552800.5,24530810.0,5939781.5,25129560.0,5927464.0,3.383,0.37,
2018-02-18 09:41:44+00:00,3,False,False,True,4.954,-10.281,0.412,10.29,4.009,36.329,2018-02-18 09:33:04.203419520+00:00,2609,2641,1428,1460,534,149.326,-1.006,7.827,39.368,-1.069,7.627,39.329,0.948,-19.338,-21.735,0.948,-19.338,-21.735,1.191,1.19,16.382,16.397,51.035,4.069,-48.625,52.765,-1.307,-53.958,21.718,269.171,7.848,22.022,269.335,7.921,29304552.0,4581797.5,29433586.0,4552800.5,42182648.0,5939781.5,41633188.0,5927464.0,3.383,0.858,
2018-03-18 01:31:14+00:00,3,False,False,True,10.006,-7.347,-0.219,7.35,1.038,27.157,2018-03-18 01:33:13.970044928+00:00,5066,5098,1176,1208,2997,111.268,5.896,-0.643,36.614,6.091,-0.498,36.554,-6.958,11.717,-3.893,-6.958,11.717,-3.893,1.33,1.382,16.976,17.015,42.489,40.317,39.489,43.447,41.373,39.311,82.413,177.292,84.284,83.129,179.597,82.804,22313478.0,3788755.0,22190438.0,3752068.75,19723920.0,5308265.0,19702290.0,5271787.0,12.091,0.744,
2018-03-18 01:33:02+00:00,3,False,False,True,9.985,-7.31,-0.205,7.313,1.038,27.157,2018-03-18 01:33:13.970044928+00:00,4547,4579,657,689,2478,111.268,5.896,-0.643,36.614,6.091,-0.498,36.554,-6.958,11.717,-3.893,-6.958,11.717,-3.893,1.33,1.382,16.976,17.015,42.489,40.317,39.489,43.447,41.373,39.311,82.413,177.292,84.284,83.129,179.597,82.804,22313478.0,3788755.0,22190438.0,3752068.75,19723920.0,5308265.0,19702290.0,5271787.0,12.091,0.744,
2018-03-18 01:38:49+00:00,3,False,False,True,9.925,-7.208,-0.168,7.21,1.958,39.833,2018-03-18 01:33:13.970044928+00:00,3975,4007,2600,2632,1765,102.549,6.869,3.289,37.621,6.747,3.309,38.06,4.298,4.961,-2.771,4.298,4.961,-2.771,1.09,1.15,21.717,21.616,23.138,-79.131,27.159,17.089,-80.152,25.444,-48.974,184.113,-6.608,-46.117,183.465,-6.611,27169030.0,3787037.5,26695434.0,3833150.5,26233010.0,4168009.5,26086874.0,4145543.75,84.472,0.717,
2018-03-26 13:12:15+00:00,3,False,False,True,8.484,-7.266,1.328,7.386,1.194,49.841,2018-03-26 13:09:20.459897984+00:00,5702,5734,2152,2184,1783,114.934,-11.557,-9.408,45.703,-11.674,-9.522,45.657,2.581,18.851,-4.044,2.581,18.851,-4.044,0.872,0.881,15.629,15.787,59.282,-0.806,-2.168,53.107,-1.487,-5.038,9.256,148.441,141.186,9.466,148.753,143.206,22257310.0,5011519.0,22179376.0,4927852.5,28599348.0,5923971.0,28507014.0,5870212.0,6.953,0.321,
2018-03-26 13:13:45+00:00,3,False,False,True,8.469,-7.234,1.322,7.354,1.194,49.841,2018-03-26 13:09:20.459897984+00:00,5702,5734,2152,2184,1783,114.934,-11.557,-9.408,45.703,-11.674,-9.522,45.657,2.581,18.851,-4.044,2.581,18.851,-4.044,0.872,0.881,15.629,15.787,59.282,-0.806,-2.168,53.107,-1.487,-5.038,9.256,148.441,141.186,9.466,148.753,143.206,22257310.0,5011519.0,22179376.0,4927852.5,28599348.0,5923971.0,28507014.0,5870212.0,6.953,0.321,
2018-03-26 13:17:17+00:00,3,False,False,True,8.435,-7.16,1.306,7.278,1.194,49.841,2018-03-26 13:09:20.459897984+00:00,4742,4774,1192,1224,823,114.934,-11.557,-9.408,45.703,-11.674,-9.522,45.657,2.581,18.851,-4.044,2.581,18.851,-4.044,0.872,0.881,15.629,15.787,59.282,-0.806,-2.168,53.107,-1.487,-5.038,9.256,148.441,141.186,9.466,148.753,143.206,22257310.0,5011519.0,22179376.0,4927852.5,28599348.0,5923971.0,28507014.0,5870212.0,6.953,0.321,
2018-03-29 07:14:05+00:00,3,False,False,True,8.883,-9.612,0.911,9.655,0.742,58.038,2018-03-29 07:14:12.982810496+00:00,1520,1552,467,499,2065,56.184,0.97,-0.18,31.086,0.968,-0.194,31.078,1.122,-7.575,5.015,1.122,-7.575,5.015,0.681,0.689,32.794,33.233,-37.219,-14.767,28.869,-37.251,-14.077,29.277,-186.232,-63.619,13.071,-183.967,-67.638,13.467,10974469.0,1633164.125,10986865.0,1552777.5,12534499.0,1590046.125,12566377.0,1500774.25,53.937,0.285,
2018-04-23 15:44:20+00:00,3,False,False,True,4.502,-11.92,0.147,11.921,3.208,18.95,2018-04-23 15:46:15.449121536+00:00,831,863,206,238,1216,166.052,0.786,-15.689,30.585,0.759,-15.807,30.543,-5.991,12.093,-19.637,-5.991,12.093,-19.637,1.042,1.032,14.105,14.412,69.053,18.334,34.512,63.392,30.217,35.687,18.844,212.339,-22.912,20.295,213.426,-20.005,20275268.0,4310758.0,20391850.0,4352590.0,20484058.0,3954350.5,20597148.0,3938740.0,3.868,0.62,
2018-04-23 15:46:12+00:00,3,False,False,True,4.505,-11.878,0.129,11.879,3.208,18.95,2018-04-23 15:46:15.449121536+00:00,831,863,206,238,1216,166.052,0.786,-15.689,30.585,0.759,-15.807,30.543,-5.991,12.093,-19.637,-5.991,12.093,-19.637,1.042,1.032,14.105,14.412,69.053,18.334,34.512,63.392,30.217,35.687,18.844,212.339,-22.912,20.295,213.426,-20.005,20275268.0,4310758.0,20391850.0,4352590.0,20484058.0,3954350.5,20597148.0,3938740.0,3.868,0.62,
2018-11-07 09:04:17+00:00,3,False,False,True,7.157,10.629,-0.134,10.63,2.015,47.228,2018-11-07 09:07:56.302523520+00:00,2592,2624,1414,1446,3725,2.41,3.495,-21.258,30.148,3.546,-21.287,29.765,2.132,-15.919,24.017,2.132,-15.919,24.017,3.678,3.686,11.864,11.745,-7.194,-15.197,17.229,-3.804,-18.803,17.03,-20.444,-207.794,-28.895,-20.937,-213.67,-35.921,3408612.25,2166050.75,3405693.5,2455379.5,5596367.0,3824650.25,5709926.5,3715843.5,1.551,0.389,
2018-11-21 08:44:37+00:00,3,False,False,True,7.886,6.044,1.583,6.248,8.19,33.225,2018-11-21 08:48:31.517672960+00:00,314,346,4148,4180,2390,76.148,9.942,-25.259,65.127,9.996,-25.733,64.677,52.849,46.483,30.27,52.849,46.483,30.27,1.784,1.851,23.692,25.484,12.973,-40.906,22.37,9.391,-46.549,19.962,17.338,-155.357,75.833,19.602,-161.52,72.238,13314456.0,4692263.5,13500115.0,4572515.5,18008562.0,4998464.0,18821148.0,5082636.5,0.77,0.197,
2018-11-21 08:48:26+00:00,3,False,False,True,7.934,6.138,1.575,6.336,5.432,34.181,2018-11-21 08:48:31.517672960+00:00,314,346,4201,4233,2390,60.818,9.942,-25.259,65.127,9.996,-25.733,64.677,-13.21,39.271,53.568,-13.21,39.271,53.568,1.784,1.851,38.491,37.844,12.973,-40.906,22.37,9.391,-46.549,19.962,4.684,-103.965,154.416,-0.636,-101.677,156.094,13314456.0,2334528.0,13500115.0,2377023.25,18008562.0,4320084.0,18821148.0,4367502.5,0.833,0.197,
2018-11-21 08:50:19+00:00,3,False,False,True,7.952,6.173,1.572,6.37,5.432,34.181,2018-11-21 08:48:31.517672960+00:00,314,346,4201,4233,2390,60.818,9.942,-25.259,65.127,9.996,-25.733,64.677,-13.21,39.271,53.568,-13.21,39.271,53.568,1.784,1.851,38.491,37.844,12.973,-40.906,22.37,9.391,-46.549,19.962,4.684,-103.965,154.416,-0.636,-101.677,156.094,13314456.0,2334528.0,13500115.0,2377023.25,18008562.0,4320084.0,18821148.0,4367502.5,0.833,0.197,
2018-11-21 08:52:16+00:00,3,False,False,True,7.976,6.219,1.568,6.414,5.432,34.181,2018-11-21 08:48:31.517672960+00:00,314,346,4201,4233,2390,60.818,9.942,-25.259,65.127,9.996,-25.733,64.677,-13.21,39.271,53.568,-13.21,39.271,53.568,1.784,1.851,38.491,37.844,12.973,-40.906,22.37,9.391,-46.549,19.962,4.684,-103.965,154.416,-0.636,-101.677,156.094,13314456.0,2334528.0,13500115.0,2377023.25,18008562.0,4320084.0,18821148.0,4367502.5,0.833,0.197,
2018-12-02 14:50:23+00:00,3,False,False,True,8.406,3.925,2.817,4.831,1.29,49.96,2018-12-02 14:54:54.845385472+00:00,1172,1204,2281,2313,2011,28.49,2.781,-3.742,66.5,2.364,-3.445,66.58,-3.075,-2.151,6.966,-3.075,-2.151,6.966,1.206,1.269,37.129,37.172,-17.355,32.748,4.359,-16.151,32.381,3.752,-11.959,-75.968,162.389,-11.571,-78.423,165.084,22232134.0,3880143.0,21966840.0,3878774.0,24952984.0,3802644.5,24448736.0,3692488.0,49.776,0.226,
2018-12-08 06:44:58+00:00,3,False,False,True,9.544,4.017,3.321,5.212,1.121,18.012,2018-12-08 06:36:38.161817984+00:00,3451,3483,2293,2325,667,127.676,3.876,-11.418,51.627,4.018,-10.623,51.561,-9.147,29.618,-14.64,-9.147,29.618,-14.64,3.737,3.553,14.856,14.96,-9.748,9.286,2.539,-5.7,6.517,5.953,8.03,-136.834,39.68,10.457,-136.421,37.58,6413150.0,4818082.5,6539464.0,4942551.5,7045746.0,5836629.5,7442077.5,5857281.0,2.496,0.3,
2019-02-05 20:34:47+00:00,3,False,False,True,8.836,-7.801,1.63,7.97,3.118,37.695,2019-02-05 20:42:59.036449536+00:00,936,968,1305,1337,1371,38.984,-7.447,9.143,42.531,-7.306,9.102,42.464,14.222,4.839,24.749,14.222,4.839,24.749,0.89,0.898,16.038,15.85,-19.859,-50.68,14.932,-17.152,-46.278,15.59,-45.151,61.822,-76.292,-45.289,63.075,-75.968,16837614.0,2266997.5,16770866.0,2269404.25,21922032.0,2710218.25,21923092.0,2724922.0,1.581,0.296,
2019-02-05 20:37:33+00:00,3,False,False,True,8.901,-7.824,1.633,7.993,3.118,37.695,2019-02-05 20:42:59.036449536+00:00,669,701,1038,1070,1104,38.984,-7.447,9.143,42.531,-7.306,9.102,42.464,14.222,4.839,24.749,14.222,4.839,24.749,0.89,0.898,16.038,15.85,-19.859,-50.68,14.932,-17.152,-46.278,15.59,-45.151,61.822,-76.292,-45.289,63.075,-75.968,16837614.0,2266997.5,16770866.0,2269404.25,21922032.0,2710218.25,21923092.0,2724922.0,1.581,0.296,
2019-03-02 01:20:10+00:00,3,False,False,True,4.938,-10.325,-0.533,10.338,6.09,31.473,2019-03-02 01:25:26.337876096+00:00,2079,2111,434,466,1354,92.271,15.658,11.907,40.881,15.679,11.664,40.867,-20.237,23.425,-0.282,-20.237,23.425,-0.282,1.437,1.436,35.116,34.503,21.627,-26.836,90.871,23.963,-19.558,91.813,56.393,183.794,69.746,55.504,179.765,74.287,21300450.0,2092443.25,21226358.0,2108825.75,25923618.0,2680733.75,26138362.0,2669567.0,2.975,0.553,
2019-03-02 01:26:37+00:00,3,False,False,True,5.058,-10.428,-0.508,10.441,6.09,31.473,2019-03-02 01:25:26.337876096+00:00,2155,2187,434,466,1354,85.833,14.197,17.618,41.179,14.289,17.366,41.39,-20.237,23.425,-0.282,-20.237,23.425,-0.282,1.464,1.494,35.116,34.503,-4.031,-22.723,121.895,-4.027,-19.936,123.746,56.393,183.794,69.746,55.504,179.765,74.287,18407594.0,2092443.25,18232804.0,2108825.75,23917888.0,2680733.75,23611046.0,2669567.0,2.975,0.47,
2019-03-02 01:29:10+00:00,3,False,False,True,5.105,-10.468,-0.498,10.48,4.802,41.941,2019-03-02 01:25:26.337876096+00:00,2155,2187,4823,4855,1354,136.544,14.197,17.618,41.179,14.289,17.366,41.39,0.34,4.803,-15.697,0.34,4.803,-15.697,1.464,1.494,17.295,17.384,-4.031,-22.723,121.895,-4.027,-19.936,123.746,-16.195,300.6,85.875,-22.038,302.575,86.098,18407594.0,3683698.0,18232804.0,3641372.0,23917888.0,4726559.5,23611046.0,4703089.0,8.939,0.47,
