Date, Probe, x_gsm, y_gsm, z_gsm, r_spc
2015-09-02 13:45:34.102000+00:00,3, 3.1580942801226835,9.543112675686826,-5.424341992000805,10.97699802254869
2015-09-02 15:25:04.180000+00:00,3, 2.3619767875097764,10.370619043537138,-5.230371703831049,11.614926926434435
2015-09-02 15:36:14.088000+00:00,3, 2.268635773531086,10.447224509681096,-5.182256384637024,11.661915845683016
2015-09-02 16:41:24.189000+00:00,3, 1.7002035401565505,10.82214275342121,-4.81683742557307,11.845703717374862
2015-09-02 16:48:44.145000+00:00,3, 1.6329838318024024,10.855873769555627,-4.7675062378199184,11.856606218820701
2015-09-02 17:07:04.109000+00:00,3, 1.4659414971953961,10.929741885312167,-4.641295180634724,11.874379084117631
2015-09-02 17:13:44.165000+00:00,3, 1.4068587724100607,10.952439321340965,-4.595648314373788,11.87753806632765
2015-09-02 17:50:04.143000+00:00,3, 1.071745148910006,11.046700214947816,-4.330913413177751,11.865344353678534
2015-09-02 17:50:44.194000+00:00,3, 1.0671188694328513,11.047586723865479,-4.327222300121321,11.864823018317468
2015-09-02 17:57:54.099000+00:00,3, 1.0022603831516417,11.058813276871826,-4.275461039503798,11.856513745322927
2015-09-03 13:16:14.100000+00:00,3, 3.491771816599392,9.250133345463887,-5.425239891936663,10.723721126266005
2015-09-03 13:47:54.175000+00:00,3, 3.2626141309728056,9.548661966573707,-5.461403006116646,11.000175823463513
2015-09-03 14:08:34.092000+00:00,3, 3.1032731960583937,9.737713041056551,-5.456743295578214,11.162396815370819
2015-09-03 14:13:54.196000+00:00,3, 3.064614552160484,9.781477542237786,-5.452343896509715,11.198453325129721
2015-09-03 14:19:44.151000+00:00,3, 3.0178728506986126,9.833335231948492,-5.445429941362583,11.240426550187836
2015-09-03 14:37:14.165000+00:00,3, 2.879430143604845,9.980307922031686,-5.4153055288954555,11.35482629501016
2015-09-03 14:56:24.080000+00:00,3, 2.7257427340807237,10.13219121952372,-5.366447449400941,11.465603217283226
2015-09-03 15:06:04.138000+00:00,3, 2.6435228568709017,10.20867799799544,-5.334308061753469,11.518330997346979
2015-09-03 15:12:14.193000+00:00,3, 2.5937694601092045,10.253363632671913,-5.3129884941142596,11.548130260885936
2015-09-03 15:18:54.099000+00:00,3, 2.5395234444106953,10.300715645070763,-5.288222250225952,11.578861661164728
2015-09-03 15:27:44.206000+00:00,3, 2.4638351069826467,10.364403100638935,-5.2511547046576315,11.6187554137602
2015-09-03 16:37:34.212000+00:00,3, 1.8546763275453424,10.775236525881857,-4.869058897596245,11.824274046932423
2015-09-03 16:46:14.119000+00:00,3, 1.778526893460862,10.813662885442783,-4.813548171259656,11.836619069524874
2015-09-03 17:05:24.184000+00:00,3, 1.606846174566002,10.889509012251597,-4.684401322050414,11.854325045059985
2015-09-03 17:14:44.142000+00:00,3, 1.520293416373917,10.922027393893389,-4.617629961360832,11.858043213490784
2015-09-03 17:23:54.199000+00:00,3, 1.4378866638469074,10.94939244144901,-4.553288552013161,11.858399195285797
2015-09-03 17:38:44.161000+00:00,3, 1.2997120124393344,10.987343494793214,-4.44422450738627,11.852124220772726
2015-09-03 17:49:54.220000+00:00,3, 1.197770314039635,11.008921833431149,-4.363216879194491,11.842044649024288
2015-09-03 18:10:14.186000+00:00,3, 1.0065400823977209,11.034549367929309,-4.211180559068067,11.810813750726151
2015-09-03 18:18:34.143000+00:00,3, 0.9268186899151343,11.039465856160419,-4.148133467668315,11.79308346680043
2015-09-03 23:11:03.927000+00:00,3, -1.8120480779428556,8.897567891548418,-2.6732313129420486,9.290472541114754
2015-09-04 11:36:24.158000+00:00,3, 4.2351075408561565,8.1912026691845,-4.99964273670634,9.596469593676403
2015-09-04 11:42:54.163000+00:00,3, 4.1997736586825365,8.264868535758474,-5.045960597647547,9.683479243865916
2015-09-04 12:09:34.083000+00:00,3, 4.044450096699528,8.561845695650247,-5.21427849957424,10.024664682035347
2015-09-04 12:16:34.089000+00:00,3, 4.002050599067243,8.636608895548147,-5.251520863079468,10.107892193232983
2015-09-04 12:36:54.055000+00:00,3, 3.8764085643758888,8.84548279650339,-5.343301707133445,10.334091108399067
2015-09-04 13:07:04.128000+00:00,3, 3.672871587778147,9.151065603900921,-5.441494702088064,10.646683346458229
2015-09-04 13:15:24.085000+00:00,3, 3.6172681823425914,9.228675378032143,-5.458934808853736,10.722332697711431
2015-09-04 13:25:44.193000+00:00,3, 3.5429730890367876,9.328922849878962,-5.47662905203325,10.81768308431008
2015-09-04 14:36:54.148000+00:00,3, 3.0053498442205564,9.954926706026319,-5.447031714294022,11.347718723112628
2015-09-04 15:07:34.222000+00:00,3, 2.7537647665072695,10.195493375823682,-5.3584616080029654,11.517864210907607
2015-09-04 15:46:04.103000+00:00,3, 2.4292992665110784,10.459955395737927,-5.193503132686345,11.678319299884288
2015-09-05 14:10:54.224000+00:00,3, 3.3304762557567322,9.715894191180658,-5.516417704023751,11.172710692552847
2015-09-05 14:55:54.111000+00:00,3, 2.974920110398755,10.079397880752019,-5.424859840125581,11.446543841855306
2015-09-05 15:27:14.086000+00:00,3, 2.713995300587446,10.305823950541741,-5.30793899640099,11.592420958931491
2015-09-05 15:47:04.202000+00:00,3, 2.5437330117586296,10.435617442591116,-5.213905076352311,11.66562975382488
2015-09-05 15:54:54.159000+00:00,3, 2.4790272388186,10.481228782305907,-5.175075043485355,11.68920692317245
2015-09-06 11:24:34.086000+00:00,3, 4.521465002891637,8.062614100962225,-4.996193233977883,9.485130097804737
2015-09-06 12:15:44.176000+00:00,3, 4.241051955152098,8.611862676452116,-5.319651971755612,10.122394768960177
2015-09-06 12:21:54.081000+00:00,3, 4.204898126054273,8.673470716010224,-5.348647399748917,10.190050209313386
2015-09-06 12:30:34.137000+00:00,3, 4.149517281919401,8.764787946046479,-5.388527355235155,10.288718812236985
2015-09-06 12:37:14.193000+00:00,3, 4.108683557203306,8.829935917452495,-5.414629872784483,10.357894813405267
2015-09-06 13:00:24.111000+00:00,3, 3.9588104794329495,9.055149792749775,-5.488819874531629,10.588809252422564
2015-09-06 13:10:54.119000+00:00,3, 3.8877252450563202,9.155228595608714,-5.513300999141203,10.687127703222362
2015-09-06 13:18:54.125000+00:00,3, 3.83249597108298,9.230319277349425,-5.528030126591403,10.759085046708691
2015-09-06 13:27:44.082000+00:00,3, 3.769291667504496,9.313580390713621,-5.540572507150445,10.837007123799294
2015-09-06 13:35:34.188000+00:00,3, 3.7121839881455587,9.386489759705587,-5.548168931460733,10.903594292758878
2015-09-06 13:37:34.190000+00:00,3, 3.697773735627544,9.404552564917443,-5.549549230576669,10.919849156874346
2015-09-06 13:46:24.147000+00:00,3, 3.6359472785363844,9.48057139457491,-5.553118089616146,10.987190472766645
2015-09-07 13:11:04.101000+00:00,3, 4.005224733864399,9.14144235044593,-5.542087369157651,10.690215182768922
2015-09-07 13:15:44.155000+00:00,3, 3.974416723492304,9.183203121860828,-5.550328859916739,10.730208293904601
2015-09-07 13:26:34.114000+00:00,3, 3.8978836982949114,9.283964737608773,-5.56601277182199,10.82462467826246
2015-09-07 13:44:34.129000+00:00,3, 3.769030407410126,9.444690834337923,-5.578165202652756,10.96896129924401
2015-09-07 13:55:54.088000+00:00,3, 3.6881681836004465,9.540262096099257,-5.577468881575846,11.051007193338311
2015-09-07 13:59:34.141000+00:00,3, 3.658378990092749,9.574495815109005,-5.575712861224341,11.079690610498218
2015-09-07 14:02:24.093000+00:00,3, 3.639658419820905,9.595747748673734,-5.574212404339936,11.097306825751653
2015-09-07 14:03:34.144000+00:00,3, 3.628388621120414,9.608445077891085,-5.573164087605221,11.107761915085414
2015-09-07 14:07:14.197000+00:00,3, 3.60198402079076,9.637913366438607,-5.570288269018655,11.131823096822137
2015-09-07 14:13:24.102000+00:00,3, 3.5563699304683087,9.687904543285649,-5.563968900951448,11.171984799961445
2015-09-07 14:18:54.107000+00:00,3, 3.5141756692371016,9.733132457141524,-5.556650780689973,11.207597214693445
2015-09-07 15:39:54.173000+00:00,3, 2.8543306699596878,10.32167241038708,-5.29408626606646,11.600184082155737
2015-09-07 17:01:24.089000+00:00,3, 2.129408703484181,10.720711650257831,-4.803194006830124,11.747524460720344
2015-09-07 17:07:34.144000+00:00,3, 2.0694207674029466,10.742060859023617,-4.75772813141775,11.748525374337454
2015-09-07 17:28:14.211000+00:00,3, 1.8783958407811845,10.797999435079502,-4.610650663251804,11.741162265232585
2015-09-07 17:56:14.084000+00:00,3, 1.613318683132986,10.84506122138314,-4.403783485660332,11.705069922222721
2015-09-07 18:04:14.090000+00:00,3, 1.536771198311187,10.852003884515838,-4.344066394478582,11.689178805595583
2015-09-07 20:03:34.137000+00:00,3, 0.3614247425122837,10.579358764558927,-3.5035662556905818,11.144407044668798
2015-09-07 21:00:44.083000+00:00,3, -0.21056304010640786,10.181332476637044,-3.183959369262728,10.66757368218941
2015-09-07 21:06:44.088000+00:00,3, -0.27077571020461133,10.128720239605755,-3.154338234757281,10.60852597637631
2015-09-07 21:22:54.151000+00:00,3, -0.43113525607943276,9.978160293990484,-3.0791042052801902,10.442440594015482
2015-09-08 10:09:04.129000+00:00,3, 5.052576809648622,7.169389592289592,-4.367837216725556,8.395126507554439
2015-09-08 10:12:54.082000+00:00,3, 5.042000771145013,7.21386108227075,-4.406249111521709,8.453095465395288
2015-09-08 10:14:54.083000+00:00,3, 5.035798250395417,7.239102943766497,-4.427954655906439,8.485952737625414
2015-09-08 10:26:34.142000+00:00,3, 4.996215401855047,7.38805070108352,-4.554405146236057,8.679049452436722
2015-09-08 10:32:24.097000+00:00,3, 4.976754581902798,7.454945261689291,-4.6101608591687535,8.76526052106811
2015-09-08 10:38:24.101000+00:00,3, 4.954610500068107,7.526987352206291,-4.669379866015548,8.857688577356106
2015-09-08 10:44:24.106000+00:00,3, 4.931535681661271,7.598092286288541,-4.726903196385818,8.9484423347843
2015-09-08 10:50:14.211000+00:00,3, 4.907552953285052,7.668296786394271,-4.782710743093928,9.037538251998205
2015-09-08 10:52:14.212000+00:00,3, 4.899360762417758,7.691504306043812,-4.8009286464762315,9.066871255204113
2015-09-08 10:54:14.214000+00:00,3, 4.891070930971064,7.714616920006424,-4.818953068515794,9.096022366892422
2015-09-08 10:58:04.167000+00:00,3, 4.874201445798348,7.76056238502722,-4.854418833406357,9.153781226467547
2015-09-08 11:00:04.168000+00:00,3, 4.865623336124643,7.783397641408298,-4.871858859585614,9.182390080583763
2015-09-08 11:02:04.170000+00:00,3, 4.856950639092971,7.806142812422941,-4.889102796627156,9.210819277563198
2015-09-08 11:04:04.171000+00:00,3, 4.84818412659157,7.828799049348992,-4.906150012695589,9.239069352600435
2015-09-08 11:15:44.080000+00:00,3, 4.795991910714364,7.957401800002179,-5.00032384665403,9.398057351287811
2015-09-08 11:17:44.082000+00:00,3, 4.786610750901344,7.979486159142028,-5.016027739834526,9.42511186409629
2015-09-08 11:23:34.187000+00:00,3, 4.757939683527428,8.045258572798007,-5.061930365938327,9.50522616947058
2015-09-08 11:25:34.188000+00:00,3, 4.7482089831762275,8.06702563033391,-5.076826536997455,9.531582775553376
2015-09-08 11:52:54.159000+00:00,3, 4.6087025318695956,8.353674385131425,-5.257863121085837,9.870612966420849
2015-09-08 17:41:44.084000+00:00,3, 1.869508583585463,10.777180688583776,-4.527442472058705,11.689540578319754
2015-09-08 18:15:04.211000+00:00,3, 1.5468649100945886,10.805582680824768,-4.277515400062427,11.62143515534598
2015-09-09 08:28:14.183000+00:00,3, 5.283899468439307,5.720984688333977,-3.106804737305852,6.510138361041023
2015-09-09 08:40:24.092000+00:00,3, 5.291236976662226,5.918838431360903,-3.280337342582785,6.767071852559117
2015-09-09 08:41:54.093000+00:00,3, 5.2916820396812225,5.943018275159185,-3.3017221738172986,6.798590701899393
2015-09-09 08:43:24.094000+00:00,3, 5.292025235204572,5.967079036144502,-3.3230368771015364,6.829978499978746
2015-09-09 08:45:04.146000+00:00,3, 5.2923258998705744,5.998976618471539,-3.3513463834212622,6.8716259393711905
2015-09-09 08:50:24.100000+00:00,3, 5.292305508657384,6.077818715412007,-3.421561253510669,6.974737396414144
2015-09-09 08:55:24.104000+00:00,3, 5.291206805307954,6.1554027563751825,-3.4909608755449977,7.076425010397347
2015-09-09 12:58:14.096000+00:00,3, 4.335750941855767,8.9792882557113,-5.562089927171862,10.5624079611186
2015-09-09 13:17:44.112000+00:00,3, 4.205184860355351,9.156973890323167,-5.600417556652959,10.733817943161085
2015-09-09 13:51:34.089000+00:00,3, 3.9640889395066363,9.453099039103149,-5.620568682094978,10.99781222576744
2015-09-09 13:57:34.094000+00:00,3, 3.9198702825121776,9.503426698855764,-5.618105405905068,11.039847253127387
2015-09-09 14:00:14.147000+00:00,3, 3.9013037949226455,9.524215375099104,-5.616557446231851,11.05696142971009
2015-09-09 14:03:54.200000+00:00,3, 3.8751719726220895,9.553137105793423,-5.613878561727571,11.080526208980853
2015-09-09 14:05:54.201000+00:00,3, 3.860167365474112,9.56956704519983,-5.612081080040338,11.093785083618727
2015-09-09 14:08:24.203000+00:00,3, 3.8413384332526137,9.590004203141845,-5.609562883220237,11.110147449835235
2015-09-09 14:09:44.154000+00:00,3, 3.830002230372666,9.6022125030245,-5.607907853486672,11.119852312258358
2015-09-09 14:11:14.156000+00:00,3, 3.818637086935542,9.61437993551575,-5.60614513543686,11.129472800812723
2015-09-09 14:16:04.109000+00:00,3, 3.780545681595154,9.654638912500896,-5.599496237661812,11.160932337684217
2015-09-09 14:21:24.214000+00:00,3, 3.742138399693121,9.69442862048437,-5.5916680726849615,11.191456478615768
2015-09-09 14:23:14.165000+00:00,3, 3.7266880569798007,9.71021038755216,-5.588209710620365,11.203404551313747
2015-09-09 14:25:34.117000+00:00,3, 3.707305484644063,9.7298280296365,-5.583625972335395,11.218129634000425
2015-09-09 14:27:34.119000+00:00,3, 3.691744076879657,9.745433500955016,-5.579751497736394,11.22974180014963
2015-09-09 14:30:04.121000+00:00,3, 3.6722235615695586,9.764828158647052,-5.574650643944777,11.244047259325278
2015-09-09 14:31:44.172000+00:00,3, 3.660474803748622,9.776404491812379,-5.571453392415604,11.25251872655134
2015-09-09 14:33:44.174000+00:00,3, 3.6447674934259147,9.791768312131156,-5.567031744226954,11.263683639009328
2015-09-09 14:37:14.177000+00:00,3, 3.617164155698058,9.818456500282235,-5.558860479875513,11.282863904286726
2015-09-09 14:46:54.085000+00:00,3, 3.541510055057627,9.88958788011994,-5.533941912564165,11.332628182828975
2015-09-09 14:50:04.137000+00:00,3, 3.5133724156508386,9.915297933497683,-5.523769433957582,11.350117262369913
2015-09-09 14:54:04.141000+00:00,3, 3.4810431195791556,9.944343612226984,-5.511501933193472,11.369548075347366
2015-09-09 14:57:24.093000+00:00,3, 3.456676925123463,9.965887376268007,-5.50185752860987,11.38373170193233
2015-09-09 14:59:34.145000+00:00,3, 3.4362944217359024,9.983680374902562,-5.493533301161206,11.39529648404032
2015-09-09 15:01:04.146000+00:00,3, 3.4240313853793825,9.994285424067685,-5.488414515725987,11.402124145709145
2015-09-09 15:04:14.199000+00:00,3, 3.3994303865705238,10.015334386271343,-5.47789990574125,11.415529345858175
2015-09-09 15:06:04.150000+00:00,3, 3.3829745519744523,10.02924629998353,-5.470686692015013,11.424280906381963
2015-09-09 15:08:24.102000+00:00,3, 3.3664748797518125,10.043060436819028,-5.463312222072831,11.432884298087249
2015-09-09 15:23:34.165000+00:00,3, 3.2371427348604027,10.146690467975915,-5.400841912081893,11.494538738558138
2015-09-09 15:30:24.120000+00:00,3, 3.182154513480277,10.188264785330057,-5.371941720304889,11.517747053236963
2015-09-09 15:35:14.224000+00:00,3, 3.139561154960106,10.21945300532946,-5.348671389072331,11.534535333355144
2015-09-09 15:42:54.131000+00:00,3, 3.0751992485117245,10.264903518308166,-5.312128070496074,11.557982041754855
2015-09-09 15:50:34.187000+00:00,3, 3.0059345936501005,10.311564308430846,-5.271066038697807,11.58069495631494
2015-09-09 15:51:54.138000+00:00,3, 2.9972328116929505,10.317261408877238,-5.265787146446897,11.58336726737061
2015-09-09 16:12:04.205000+00:00,3, 2.8167666872729806,10.427116322232829,-5.150868302602342,11.629969865314692
2015-09-09 18:49:54.133000+00:00,3, 1.3202988106858033,10.722229122468214,-4.03472077659528,11.456228397679364
2015-09-09 18:54:04.187000+00:00,3, 1.2752678458946833,10.71392240273739,-4.001908812506949,11.43693172994833
2015-09-09 19:48:24.181000+00:00,3, 0.7281943504078648,10.53209345500386,-3.6270751321586316,11.139150172219544
2015-09-09 20:26:04.112000+00:00,3, 0.33759727293666375,10.309695568027145,-3.3917093946621435,10.853272102146798
2015-09-10 12:31:54.215000+00:00,3, 4.625003389392317,8.709974938822375,-5.501614941377223,10.302010988059514
2015-09-10 12:42:34.123000+00:00,3, 4.557227783310513,8.813542913311874,-5.539946526369723,10.410069461815608
2015-09-10 19:06:14.179000+00:00,3, 1.264077906369518,10.62620806378695,-3.9254325223363504,11.328076549101647
2015-09-10 19:12:14.183000+00:00,3, 1.2028810543212742,10.609145310197082,-3.882645330358809,11.29729609128812
2015-09-10 19:38:14.205000+00:00,3, 0.9358390386944992,10.513223728623654,-3.7026625685209638,11.146191424178113
2015-09-11 07:48:54.182000+00:00,3, 5.4294859709844205,5.121568791014181,-2.628112459950262,5.756513005564765
2015-09-11 07:53:14.136000+00:00,3, 5.44245520589767,5.20347440939948,-2.6967654448664624,5.860775528366624
2015-09-11 07:57:44.139000+00:00,3, 5.454244050536529,5.284077099155697,-2.764975105574988,5.963770462071046
2015-09-11 08:06:44.146000+00:00,3, 5.474414999231804,5.44149795168527,-2.899992980264928,6.166024589942928
2015-09-11 08:11:04.099000+00:00,3, 5.482860425754294,5.518376943832422,-2.9667659934048327,6.265315997924177
2015-09-11 08:15:34.103000+00:00,3, 5.490252275967686,5.594074701122653,-3.0330252997774307,6.363404295723358
2015-09-11 08:21:04.107000+00:00,3, 5.497896958814109,5.685032566221524,-3.113286451863845,6.481677854564994
2015-09-11 09:29:54.110000+00:00,3, 5.481928150963378,6.69359305230122,-4.034735904259263,7.815579426180376
2015-09-11 09:41:54.119000+00:00,3, 5.460836705770821,6.850346040859999,-4.179035647146456,8.024436417571458
2015-09-11 09:45:24.122000+00:00,3, 5.453788868045148,6.895133686691674,-4.220050269823194,8.084039388646316
2015-09-11 10:05:24.138000+00:00,3, 5.406141096392346,7.143594028005509,-4.444766124342303,8.413494014798898
2015-09-11 10:12:14.093000+00:00,3, 5.386623506985898,7.227749064274914,-4.519417578202495,8.524405655662605
2015-09-11 10:44:54.169000+00:00,3, 5.278192008510876,7.601791830814253,-4.837437077107315,9.010440417316286
2015-09-11 10:58:04.080000+00:00,3, 5.225099472590679,7.750003898274244,-4.955175383788934,9.198713144096503
2015-09-11 11:01:44.133000+00:00,3, 5.210609510025784,7.7878160883685466,-4.984280828327606,9.24624976960314
2015-09-11 11:39:04.113000+00:00,3, 5.03777350685053,8.178797884546556,-5.25844400857183,9.723372266222672
2015-09-11 11:42:44.166000+00:00,3, 5.020081613814896,8.21407866775868,-5.2804507440500394,9.76494999579961
2015-09-11 11:50:44.172000+00:00,3, 4.978695605016302,8.294009091808084,-5.32841736390046,9.858124487898856
2015-09-11 11:51:34.123000+00:00,3, 4.9734309121647104,8.30393211592457,-5.334184042510704,9.869590061662102
2015-09-11 13:01:04.179000+00:00,3, 4.561573178171159,8.95924991255202,-5.608719713819187,10.570047106032563
2015-09-11 14:05:14.132000+00:00,3, 4.111872480637414,9.502852730339573,-5.643173095166523,11.052131586102908
2015-09-11 14:10:04.086000+00:00,3, 4.074243106061539,9.542580854002344,-5.6373980615293995,11.08337070837692
2015-09-11 14:19:04.093000+00:00,3, 4.005660167037252,9.612959949967347,-5.624046836963793,11.137275332146489
2015-09-11 15:08:24.083000+00:00,3, 3.6141008628604663,9.967433537984611,-5.488210772088465,11.378496772992833
2015-09-11 15:21:14.193000+00:00,3, 3.505371683718147,10.05220371256809,-5.4355922371838306,11.427705913607545
2015-09-11 15:22:44.195000+00:00,3, 3.492702233550729,10.061705051665848,-5.429109957265977,11.432984889118092
2015-09-11 15:34:44.204000+00:00,3, 3.3904456268546057,10.13553440018976,-5.374318470590231,11.472242875774437
2015-09-11 15:37:24.107000+00:00,3, 3.368943291757391,10.150414069347518,-5.36226507197864,11.479755767496542
2015-09-11 15:47:14.215000+00:00,3, 3.282262641686618,10.208132726347715,-5.311947016691604,11.507508629884667
2015-09-11 15:56:14.222000+00:00,3, 3.203348646849403,10.257531229946615,-5.263903126566867,11.529337494375405
2015-09-11 16:03:14.078000+00:00,3, 3.141393923190931,10.294214935390087,-5.224828327023672,11.544249312228029
2015-09-11 16:09:54.133000+00:00,3, 3.083421227781165,10.32687089340756,-5.187275937983264,11.556474120850547
2015-09-11 16:15:24.138000+00:00,3, 3.0340395785587013,10.3534149073042,-5.154591513400757,11.565596133049604
2015-09-11 16:17:24.139000+00:00,3, 3.016009018441033,10.362815096540592,-5.14250723843954,11.568635071714063
2015-09-11 16:19:34.191000+00:00,3, 2.993416133163147,10.374373598887727,-5.1272567614045,11.572224914279314
2015-09-11 16:24:04.195000+00:00,3, 2.952596997561309,10.394635444324395,-5.099410021817282,11.578101251544467
2015-09-11 16:28:34.198000+00:00,3, 2.9115846035240898,10.41418786996127,-5.071071713001848,11.583223960075015
2015-09-11 16:36:34.205000+00:00,3, 2.838203795625289,10.447157118560645,-5.019543008875272,11.590466076816798
2015-09-11 16:39:24.157000+00:00,3, 2.8151506361372367,10.45698103412721,-5.003153566350781,11.592238694772666
2015-09-11 16:40:54.158000+00:00,3, 2.8012912284577576,10.462764276980993,-4.993257134529352,11.59318994613639
2015-09-11 16:47:14.113000+00:00,3, 2.7409978862111997,10.486849961971435,-4.94984973255027,11.596337115646831
2015-09-11 16:50:14.116000+00:00,3, 2.7130421989052906,10.497425099361338,-4.929541149308817,11.597254401772442
2015-09-11 20:29:14.143000+00:00,3, 0.5021134102833584,10.144994767496815,-3.38702883581426,10.69546086745097
2015-09-12 12:39:14.169000+00:00,3, 4.823693100039518,8.735406582437092,-5.566894984904701,10.358457797058517
2015-09-13 10:34:34.184000+00:00,3, 5.5490642603030835,7.481903287046722,-4.806323031763789,8.892672145220672
2015-09-13 10:40:04.188000+00:00,3, 5.529916283138744,7.541694876424394,-4.856460169299043,8.97008177137054
2015-09-13 10:55:34.201000+00:00,3, 5.471802246714554,7.706869041268418,-4.990242091036799,9.181413101827895
2015-09-13 11:02:04.206000+00:00,3, 5.445664440264766,7.774760090186624,-5.042988748870808,9.267072352215466
2015-09-13 11:08:44.111000+00:00,3, 5.418515129821382,7.841887622818154,-5.093721729514741,9.351000082699134
2015-09-13 11:14:04.216000+00:00,3, 5.39476844702324,7.8981143918863275,-5.135062443995993,9.420672866152398
2015-09-13 11:20:24.171000+00:00,3, 5.368069238780936,7.958874911739754,-5.178488343781114,9.49528469227739
2015-09-13 11:24:54.174000+00:00,3, 5.347510489381824,8.004062042580841,-5.209904279872033,9.55029380631362
2015-09-13 15:03:34.103000+00:00,3, 3.8978811291163664,9.856254465975445,-5.520741915120532,11.297094466783467
2015-09-13 15:16:24.213000+00:00,3, 3.7935023993487693,9.936777683544445,-5.471601575085341,11.343631452434591
2015-09-13 15:24:34.120000+00:00,3, 3.7214348092419085,9.989279787982682,-5.434832310515269,11.372032049111542
2015-09-13 15:27:44.173000+00:00,3, 3.6957923866513784,10.007355441562334,-5.421230365954361,11.381427925111721
2015-09-13 15:31:24.076000+00:00,3, 3.665741476742844,10.028136104578472,-5.404959714712238,11.391975388386884
2015-09-13 17:27:54.171000+00:00,3, 2.5901706761508305,10.490438725626573,-4.674638359716655,11.484839940123681
2015-09-14 09:42:54.135000+00:00,3, 5.8035630846933985,6.885209600263343,-4.301359820493598,8.118362368416134
2015-09-14 09:46:44.088000+00:00,3, 5.795872943874716,6.93310002985288,-4.346299128155844,8.182798551556445
2015-09-14 09:48:34.190000+00:00,3, 5.791838944157519,6.956870455336992,-4.368529940457318,8.214748953742454
2015-09-14 09:58:24.147000+00:00,3, 5.770991607569992,7.068243316195737,-4.471917101925785,8.364096253836514
2015-09-14 10:00:54.149000+00:00,3, 5.765050774571733,7.097143173005357,-4.498509175622057,8.402739197505321
2015-09-14 10:14:44.110000+00:00,3, 5.728393349665353,7.256016286404683,-4.642573239932199,8.61413133384351
2015-09-14 10:18:34.213000+00:00,3, 5.716889868521721,7.30052666648379,-4.68219506270797,8.672983351378452
2015-09-14 10:20:54.165000+00:00,3, 5.7109705896332015,7.322641566745914,-4.701745171782532,8.702154168676593
2015-09-14 10:27:04.220000+00:00,3, 5.690972966099228,7.393887323781724,-4.764070435994446,8.795790861309538
2015-09-14 10:29:54.172000+00:00,3, 5.682976054926731,7.421040370205594,-4.7875437956391815,8.831331483495816
2015-09-14 10:34:24.175000+00:00,3, 5.668160577603394,7.469577718222834,-4.829091941418337,8.894645595370429
2015-09-14 10:35:04.076000+00:00,3, 5.664795411382117,7.480305836766545,-4.838201270914762,8.908600729039598
2015-09-14 11:41:14.178000+00:00,3, 5.388498887015494,8.148384624393369,-5.335795407368352,9.739963275923758
2015-09-14 12:11:44.202000+00:00,3, 5.228191626607727,8.43506590024632,-5.493815346386683,10.06639676357395
2015-09-14 12:15:34.155000+00:00,3, 5.205783618989823,8.471778469073882,-5.511068888165209,10.106577596751846
2015-09-14 12:19:24.108000+00:00,3, 5.185922480676659,8.503739060151384,-5.525502058192373,10.1412401114574
2015-09-14 12:24:44.212000+00:00,3, 5.15423852529289,8.553657671595204,-5.546929936349692,10.19477764748265
2015-09-14 12:28:04.164000+00:00,3, 5.133777974717199,8.585230825716511,-5.559768054511722,10.228255430463305
2015-09-14 12:40:24.124000+00:00,3, 5.061900349600796,8.692345019874828,-5.599071570486956,10.33955823021361
2015-09-14 12:42:04.175000+00:00,3, 5.049664708055238,8.71002627851304,-5.60491285881348,10.357586877612006
2015-09-14 12:43:44.077000+00:00,3, 5.0404406234592045,8.723255062607528,-5.609160916654663,10.371010803014046
2015-09-14 13:58:04.085000+00:00,3, 4.534426402038366,9.343283342397006,-5.678865204511721,10.933730087546854
2015-09-14 14:13:04.097000+00:00,3, 4.42199723613695,9.458196938318965,-5.660443535690605,11.022618125689005
2015-09-14 14:16:34.100000+00:00,3, 4.395291461688438,9.484451145164583,-5.654655832907116,11.04218937139027
2015-09-14 14:23:04.105000+00:00,3, 4.345229908244064,9.532620151913788,-5.642439877748419,11.077363167048304
2015-09-14 14:26:54.208000+00:00,3, 4.318025808516584,9.558231789117585,-5.635080609320031,11.09567160689395
2015-09-14 14:30:04.111000+00:00,3, 4.290649932848637,9.58360946083408,-5.627180649691776,11.113538246753553
2015-09-14 14:38:44.168000+00:00,3, 4.223458845303687,9.644236656748888,-5.605775729294111,11.155089520865436
2015-09-14 14:46:34.124000+00:00,3, 4.159319102717832,9.699945818065684,-5.582813718277134,11.191816558825172
2015-09-14 15:24:14.204000+00:00,3, 3.847473360679693,9.941670335158511,-5.440955828512,11.333172961743301
2015-09-14 15:27:34.156000+00:00,3, 3.81746014032656,9.962442874489762,-5.425020911654048,11.343770092846361
2015-09-14 15:37:34.164000+00:00,3, 3.7308858957452036,10.019951988881735,-5.377153388999627,11.3715969163669
2015-09-14 15:43:34.169000+00:00,3, 3.6783650745209466,10.053104096716453,-5.346826795017861,11.386547271027249
2015-09-14 15:48:14.223000+00:00,3, 3.6386950732984,10.077279034350784,-5.323321867040477,11.396899071075307
2015-09-14 15:51:04.175000+00:00,3, 3.6121166678134666,10.093060236504803,-5.3072998182376185,11.403389684579732
2015-09-14 15:54:24.128000+00:00,3, 3.5854337428050105,10.10856859996119,-5.291002289677038,11.409551453474803
2015-09-14 16:02:34.184000+00:00,3, 3.5092703520261286,10.150993279884167,-5.24337730032703,11.425220789194329
2015-09-14 16:06:24.137000+00:00,3, 3.4776702989190342,10.16779594761343,-5.22316592590334,11.430902708090107
2015-09-14 16:09:54.140000+00:00,3, 3.445932621687895,10.184200836546387,-5.20261701293288,11.436134419565501
2015-09-14 16:13:14.093000+00:00,3, 3.4140583850727504,10.20020181709085,-5.181739550948329,11.44091525548746
2015-09-14 16:14:54.144000+00:00,3, 3.400356463402804,10.20693420921366,-5.17269373083235,11.442825978935813
2015-09-14 16:16:34.195000+00:00,3, 3.382048674981867,10.215792753951735,-5.160542597500996,11.445244492465642
2015-09-14 16:18:24.147000+00:00,3, 3.368289006767141,10.222347541174473,-5.151362661102972,11.446961453536991
2015-09-15 11:17:44.107000+00:00,3, 5.6175127025567635,7.901751021301746,-5.2020800638967994,9.460407295345995
2015-09-15 11:21:44.110000+00:00,3, 5.599797498347969,7.940774424429394,-5.229602311182607,9.508135400424125
2015-09-15 11:25:04.213000+00:00,3, 5.583997782557576,7.974726118031263,-5.253050723859724,9.549387339774901
2015-09-15 11:40:24.175000+00:00,3, 5.513193408892377,8.118266320438522,-5.346790830807579,9.72082405138445
2015-09-15 11:42:24.177000+00:00,3, 5.503381460525098,8.137172261650415,-5.358456476417288,9.743029725164103
2015-09-15 11:45:24.180000+00:00,3, 5.488502789580373,8.165431696491703,-5.375585234926565,9.776051933578907
2015-09-15 11:48:34.082000+00:00,3, 5.47090247546107,8.19825197311857,-5.395006776447301,9.81414456448726
2015-09-15 11:59:14.141000+00:00,3, 5.416563070563883,8.295771012708675,-5.449625177663633,9.925635056374121
2015-09-15 12:00:44.142000+00:00,3, 5.408614583814187,8.30958908868472,-5.456979842845621,9.941222250207044
2015-09-15 12:02:34.093000+00:00,3, 5.397945292025189,8.327969825669136,-5.466611393744426,9.961873395474969
2015-09-15 12:10:04.100000+00:00,3, 5.357216762314545,8.396460552403873,-5.500948705037246,10.037977209753233
2015-09-15 12:11:14.151000+00:00,3, 5.351701365215365,8.405540948865509,-5.5053142202830605,10.047965132657744
2015-09-15 12:22:14.160000+00:00,3, 5.2897354603926905,8.504632735537902,-5.550023166344682,10.155369767435626
2015-09-15 12:25:14.162000+00:00,3, 5.272428525469063,8.531407322007844,-5.561161506564286,10.183880802331762
2015-09-15 12:27:24.214000+00:00,3, 5.260794961228861,8.549197722658208,-5.5683356423824915,10.202702756002035
2015-09-15 12:32:14.168000+00:00,3, 5.231379306008609,8.593466421105797,-5.58539079668112,10.249109984887616
2015-09-15 12:36:14.171000+00:00,3, 5.207508745331754,8.628668223955643,-5.598129528563906,10.285570938828869
2015-09-15 12:41:14.175000+00:00,3, 5.177252982343341,8.672403672998813,-5.612921512521535,10.330318164179182
2015-09-15 12:43:54.077000+00:00,3, 5.16195279571103,8.69415992486092,-5.619846312430276,10.352347046655353
2015-09-15 12:46:44.179000+00:00,3, 5.143442257354914,8.720168965195562,-5.627741700597982,10.378478859168586
2015-09-15 12:51:44.184000+00:00,3, 5.11223012909045,8.763277480434617,-5.639897090959423,10.421298930349568
2015-09-15 12:59:34.140000+00:00,3, 5.061363763584758,8.831621198867111,-5.656741308686667,10.487909955452569
2015-09-15 13:01:04.141000+00:00,3, 5.051700796723525,8.84434838071818,-5.659543499061945,10.500139565609908
2015-09-15 13:02:24.092000+00:00,3, 5.045236982529285,8.852817728231305,-5.661349269480962,10.508247107883365
2015-09-15 13:07:04.146000+00:00,3, 5.012657509383457,8.89497771853018,-5.669630849270886,10.548238837841723
2015-09-15 13:40:54.124000+00:00,3, 4.783521408318037,9.169020539738096,-5.693326890469878,10.792817460695169
2015-09-15 13:48:24.130000+00:00,3, 4.729725511962732,9.228223151031637,-5.69117322403804,10.842027263904283
2015-09-15 14:05:34.194000+00:00,3, 4.600804642099724,9.36298159246146,-5.675824039083391,10.948990950010373
2015-09-15 15:07:24.194000+00:00,3, 4.112314259227558,9.791922403213533,-5.514183554127216,11.23779180351559
2015-09-15 15:23:34.108000+00:00,3, 3.9724934056605963,9.892742521978203,-5.444876797785113,11.292167105972808
2015-09-15 15:24:54.209000+00:00,3, 3.963906800974363,9.89862850207054,-5.4403584952632675,11.295147045478712
2015-09-15 15:27:34.111000+00:00,3, 3.938070879175471,9.916126908942157,-5.426592637293493,11.303870156958398
2015-09-15 15:31:34.114000+00:00,3, 3.903446367211612,9.93908052711519,-5.407752503328772,11.314994867950182
2015-09-15 15:34:34.117000+00:00,3, 3.877346452185526,9.956007586129095,-5.393264444458443,11.322958466007005
2015-09-15 15:38:34.120000+00:00,3, 3.8423725287929744,9.978185466052945,-5.373479065511499,11.333069419289753
2015-09-15 15:47:44.177000+00:00,3, 3.762962061701118,10.026404910581999,-5.327064713414879,11.353696045422952
2015-09-15 15:55:14.183000+00:00,3, 3.6960368534434807,10.064749113821644,-5.286460097025104,11.368633826525167
2015-09-15 16:06:44.193000+00:00,3, 3.5921200396158945,10.120149790731501,-5.220999862655011,11.387548961593382
2015-09-15 16:11:24.097000+00:00,3, 3.5510362172805,10.14066927877612,-5.194387718890869,11.393631431447924
2015-09-15 16:16:14.201000+00:00,3, 3.5051140955935964,10.162680123739785,-5.164195191747887,11.399516624661226
2015-09-15 16:23:14.206000+00:00,3, 3.4403451546778236,10.192067611761194,-5.120871888539762,11.406207568756074
2015-09-15 16:31:44.213000+00:00,3, 3.36095842472594,10.225449046577388,-5.066708762997619,11.411894929992446
2015-09-15 17:19:04.202000+00:00,3, 2.9030772151097874,10.36162049257801,-4.738779921557196,11.393823518782717
2015-09-16 11:58:24.201000+00:00,3, 5.541604971993733,8.261351272980427,-5.4572170525348325,9.901067761310003
2015-09-16 12:54:44.197000+00:00,3, 5.214230051524688,8.75673668377768,-5.653930788654214,10.423404948092047
2015-09-16 12:57:24.099000+00:00,3, 5.198356157650512,8.777798985163107,-5.6589606234176,10.4438302533755
2015-09-16 13:01:34.152000+00:00,3, 5.169501541006669,8.815522526101736,-5.667233401604189,10.480027282238597
2015-09-16 13:03:34.154000+00:00,3, 5.156561866160011,8.832210025720956,-5.670588423074067,10.495880477708738
2015-09-16 14:09:44.107000+00:00,3, 4.691811674368687,9.352812268700161,-5.672647659954295,10.938648399483968
2015-09-16 14:18:14.114000+00:00,3, 4.626922348556371,9.415009236642408,-5.6581085376593805,10.984379415788396
2015-09-18 08:32:14.136000+00:00,3, 6.316218135804044,6.0361331574890125,-3.573726646144255,7.014729191943174
2015-09-18 08:39:14.142000+00:00,3, 6.320763618665225,6.128405422728112,-3.664507162509601,7.140445768256174
2015-09-18 08:42:34.094000+00:00,3, 6.322299828031819,6.17383470253619,-3.7093620840276373,7.2024719370964565
2015-09-18 08:44:14.146000+00:00,3, 6.3228104107254355,6.19316351393989,-3.728473921199403,7.228885950923582
2015-09-18 08:46:34.098000+00:00,3, 6.323466393110281,6.225193184329779,-3.7601760509982363,7.272685481768521
2015-09-18 08:51:04.101000+00:00,3, 6.3240400497495735,6.282273633385749,-3.816757330750521,7.350822982943585
2015-09-18 09:04:54.212000+00:00,3, 6.32120543532794,6.44927554725072,-3.982649442651417,7.579884673754457
2015-09-18 09:07:44.164000+00:00,3, 6.319673059179089,6.485560387424121,-4.01870342168547,7.629709740900464
2015-09-18 09:24:44.178000+00:00,3, 6.305052223705751,6.685886696117467,-4.217162496994819,7.904779594611106
2015-09-18 11:06:34.209000+00:00,3, 6.032734679400348,7.7425270738949745,-5.168673612847818,9.309238014260135
2015-09-18 11:31:34.079000+00:00,3, 5.924477317722585,7.974189549521382,-5.33177775616671,9.592473769203131
2015-09-18 11:48:34.093000+00:00,3, 5.842734841152666,8.127251016518747,-5.4257090084836594,9.771925466879377
2015-09-18 11:51:34.095000+00:00,3, 5.827652656715623,8.153911686693684,-5.440838379508174,9.802499582572242
2015-09-18 11:53:54.197000+00:00,3, 5.817490354830902,8.171628674292664,-5.45068222142835,9.82270084393886
2015-09-18 11:56:54.199000+00:00,3, 5.8020866935904145,8.198119661330503,-5.465083746087617,9.852730907380188
2015-09-18 12:06:04.107000+00:00,3, 5.752054933976036,8.281347687999174,-5.50779745711774,9.94568008525118
2015-09-18 12:20:34.118000+00:00,3, 5.672095534087502,8.406479743005924,-5.564486551173064,10.081290207496005
2015-09-18 12:25:34.122000+00:00,3, 5.643538820767523,8.44910226953542,-5.581644695594749,10.126306664768235
2015-09-18 12:31:44.177000+00:00,3, 5.6086173117898515,8.499893652669703,-5.600614754931542,10.179149165812024
2015-09-18 12:35:34.130000+00:00,3, 5.584944773021542,8.533538411598627,-5.61227972237003,10.213665429431053
2015-09-18 12:49:44.192000+00:00,3, 5.499668183642985,8.649919023399844,-5.646927688977347,10.329999585474994
2015-09-18 12:52:34.144000+00:00,3, 5.480911873569303,8.674575338710612,-5.653103697492238,10.354025242463278
2015-09-18 12:55:14.196000+00:00,3, 5.46515330503116,8.695044881941065,-5.65791450066322,10.373803641663198
2015-09-18 12:58:54.099000+00:00,3, 5.4428966106694645,8.723582943766978,-5.664137358760863,10.401122602666147
2015-09-18 13:07:04.156000+00:00,3, 5.387908694534793,8.79230047963009,-5.676768227515026,10.465669841583365
2015-09-18 13:15:14.212000+00:00,3, 5.334961094205811,8.856193351568223,-5.685458171894721,10.524095937643558
2015-09-18 13:20:24.116000+00:00,3, 5.301289579966822,8.895729003750667,-5.6893233237722916,10.55946941804323
2015-09-18 13:34:14.077000+00:00,3, 5.204682514480073,9.00472942271427,-5.6937918194439,10.653845186572891
2015-09-18 13:36:04.179000+00:00,3, 5.190605560540284,9.0200888228105,-5.693671717796851,10.666766145436519
2015-09-18 14:49:14.138000+00:00,3, 4.632241303873623,9.537154890578364,-5.5657432402009945,11.042410118390181
2015-09-18 14:52:44.141000+00:00,3, 4.603397473131677,9.559438076342618,-5.553919019598128,11.05571674798531
2015-09-18 15:44:44.183000+00:00,3, 4.154213357208133,9.85557833743095,-5.325130454139127,11.202206868239767
2015-09-19 07:40:24.152000+00:00,3, 6.328615056308669,5.306674860973174,-2.8986188586618513,6.046717238954934
2015-09-19 07:45:24.156000+00:00,3, 6.34388642614601,5.382782878752795,-2.9690675861581,6.147333881526927
2015-09-19 08:50:54.208000+00:00,3, 6.4377829900752355,6.276478213924443,-3.838147017502712,7.357006952411634
2015-09-19 09:01:14.166000+00:00,3, 6.436550235555939,6.4043826373338355,-3.9663030938659234,7.533105415284821
2015-09-19 09:04:44.169000+00:00,3, 6.435244425340306,6.4462161209365165,-4.008231939255659,7.590759221361919
2015-09-19 09:08:14.172000+00:00,3, 6.433501020751413,6.487663505772668,-4.049755251509125,7.647894831995289
2015-09-19 09:11:34.125000+00:00,3, 6.431325725318841,6.528733411330036,-4.090866845322557,7.7045150076027795
2015-09-19 09:13:54.076000+00:00,3, 6.429890928635824,6.552035698732213,-4.114171959969403,7.736638980439749
2015-09-19 09:17:14.179000+00:00,3, 6.427048131559466,6.592529446011715,-4.15462420220629,7.792454475843268
2015-09-19 09:25:44.186000+00:00,3, 6.4184149341044545,6.689405630035467,-4.251074911181635,7.925893361863264
2015-09-19 09:33:34.142000+00:00,3, 6.408104109928999,6.778768796329475,-4.339475783068123,8.048773600116036
2015-09-19 09:45:04.152000+00:00,3, 6.3896878634343794,6.904335107671402,-4.462379610727007,8.220868267358137
2015-09-19 10:07:14.220000+00:00,3, 6.343176071736977,7.135906093344813,-4.683169698342991,8.535410605033222
2015-09-19 10:45:24.151000+00:00,3, 6.230456181275863,7.5132641718392,-5.017270354217288,9.034497236877671
2015-09-19 10:47:44.103000+00:00,3, 6.221689989486133,7.537225769628736,-5.037051137795404,9.065409889636623
2015-09-19 12:08:14.169000+00:00,3, 5.859527464861414,8.264532897323388,-5.519337595416047,9.93808791987239
2015-09-19 12:11:34.122000+00:00,3, 5.840512929512134,8.294462934953643,-5.533297737791582,9.970732131311584
2015-09-19 12:14:44.174000+00:00,3, 5.824012765787943,8.320014817085623,-5.5447898978517145,9.998366945048714
2015-09-19 12:18:04.127000+00:00,3, 5.804528661863313,8.349706189120703,-5.557644319440113,10.030204575483271
2015-09-19 12:41:04.146000+00:00,3, 5.670359369054407,8.541626072069342,-5.627278491964744,10.228667517383862
2015-09-19 12:55:04.158000+00:00,3, 5.583631391506684,8.655686211627067,-5.657064492317234,10.340371485802015
2015-09-19 12:57:24.110000+00:00,3, 5.570937691019316,8.671804811293997,-5.660543794136235,10.355769152048339
2015-09-20 06:36:54.153000+00:00,3, 6.127690049786741,4.262244406394016,-2.017000847693083,4.715402400583825
2015-09-20 06:46:34.210000+00:00,3, 6.194196094405641,4.445283064757208,-2.164254919266577,4.944142077386815
2015-09-20 07:12:04.079000+00:00,3, 6.333794101904591,4.884219785711188,-2.5357519185783883,5.503239110533598
2015-09-20 07:33:04.096000+00:00,3, 6.419738516495585,5.218075881238389,-2.835477689221609,5.938707740614561
2015-09-20 10:57:44.158000+00:00,3, 6.3021273153768345,7.604247041272001,-5.120866092637868,9.16776104637453
2015-09-20 11:06:44.165000+00:00,3, 6.267173667038578,7.68714788086177,-5.184647133015798,9.272152308721344
2015-09-20 11:18:34.125000+00:00,3, 6.217495077403079,7.796044695330604,-5.263927023447749,9.40676568219789
2015-09-20 11:26:24.081000+00:00,3, 6.18470457823736,7.863206707773563,-5.310092198961138,9.488261109952818
2015-09-20 11:37:44.190000+00:00,3, 6.1318897650193405,7.964917837478963,-5.375763393819729,9.609305293522668
2015-09-20 11:56:04.155000+00:00,3, 6.040674896257505,8.12548474079053,-5.468266787924675,9.79415355897281
2015-09-20 12:14:54.120000+00:00,3, 5.942032736648749,8.28246984574304,-5.544384611581078,9.96692066120624
2015-09-20 12:44:14.094000+00:00,3, 5.770109485605236,8.525569020967989,-5.631603160276373,10.217645584288187
2015-09-20 13:10:34.215000+00:00,3, 5.601118701265015,8.736103194158364,-5.674201182842202,10.417104112101013
2015-09-20 13:26:24.177000+00:00,3, 5.496190562110163,8.855502951469209,-5.683607298892133,10.522515120041396
2015-09-20 13:38:14.137000+00:00,3, 5.41197700856409,8.945864250406098,-5.683150931772051,10.598428737317404
2015-09-20 13:45:14.143000+00:00,3, 5.361677420609336,8.997680124935501,-5.679808809105513,10.640417084806963
2015-09-20 14:17:14.168000+00:00,3, 5.121044857576731,9.225197373500782,-5.636437141177578,10.810813578380298
2015-09-20 14:29:44.179000+00:00,3, 5.022424831753829,9.309408445802394,-5.607395491099856,10.867749067970973
2015-09-20 14:34:44.183000+00:00,3, 4.98227018465515,9.34227734748036,-5.593949552443613,10.889004437161773
2015-09-20 14:40:34.137000+00:00,3, 4.933558663159462,9.381073126237212,-5.576464733396455,10.913362997840052
2015-09-20 14:45:44.191000+00:00,3, 4.892531299210492,9.41284521715805,-5.56078741368044,10.932703770903242
2015-09-20 14:49:34.145000+00:00,3, 4.859427431132911,9.43788616266723,-5.547532765260788,10.947548355732783
2015-09-20 14:52:54.097000+00:00,3, 4.834436133103632,9.456441577791274,-5.537181563180711,10.958314969821224
2015-09-20 15:05:44.208000+00:00,3, 4.724539833225537,9.534523384142627,-5.488359423827972,11.001328343790302
2015-09-20 15:09:34.161000+00:00,3, 4.690207961984332,9.557757335694244,-5.4720730660677415,11.013369553792389
2015-09-20 15:24:34.173000+00:00,3, 4.55933112339189,9.64135477149568,-5.405932443518304,11.053498424197032
2015-09-20 15:27:44.075000+00:00,3, 4.532756475858771,9.657377076814592,-5.39177600622295,11.060568724304618
2015-09-20 15:38:44.084000+00:00,3, 4.43419498300124,9.714029184602236,-5.337346009288366,11.083755023554536
2015-09-20 15:42:44.088000+00:00,3, 4.397921778844829,9.733786768800348,-5.316601547500191,11.091116123968504
2015-09-21 10:11:24.095000+00:00,3, 6.56599730125592,7.132807506980504,-4.744553925748686,8.56666416325367
2015-09-21 10:51:04.177000+00:00,3, 6.44350242613432,7.513898002151787,-5.077748194800741,9.068747979547275
2015-09-21 12:27:04.105000+00:00,3, 5.989280180909125,8.345201254534503,-5.582088932117891,10.040024941440997
2015-09-21 13:30:44.208000+00:00,3, 5.581955791445417,8.842085183595254,-5.675374858316594,10.506776393183916
2015-09-21 13:33:44.211000+00:00,3, 5.560828528785349,8.864402088636325,-5.675087677027383,10.525409470940696
2015-09-21 13:47:14.222000+00:00,3, 5.463753743967216,8.963336110064818,-5.66869104919624,10.605444471271793
2015-09-21 13:54:44.078000+00:00,3, 5.408427373237991,9.017189240913245,-5.661570514175322,10.64721008027084
2015-09-21 14:04:54.137000+00:00,3, 5.333135406462376,9.08767413004785,-5.648181479630193,10.699896033176138
2015-09-21 14:11:14.092000+00:00,3, 5.283274559339335,9.132636842674,-5.637127871771723,10.732300142228231
2015-09-21 14:22:54.152000+00:00,3, 5.193309048847591,9.210435473506818,-5.6131247288144275,10.786069294829364
2015-09-21 14:28:54.157000+00:00,3, 5.14549439380703,9.250089632994609,-5.598388558666903,10.812313012128664
2015-09-21 14:37:04.214000+00:00,3, 5.076743018680063,9.305102837922913,-5.5749736160291805,10.847362335782028
2015-09-21 14:43:04.219000+00:00,3, 5.027504745394535,9.343077116543695,-5.556688444096988,10.870596877377224
2015-09-21 14:46:44.122000+00:00,3, 4.998514449821082,9.364887818710155,-5.5453629385666625,10.883573584878016
2015-09-21 14:57:54.181000+00:00,3, 4.906130499644016,9.431727962590665,-5.506677734065021,10.921583769177534
2015-09-21 15:03:54.186000+00:00,3, 4.854934751737673,9.46704690996078,-5.483647892000101,10.940537984890648
2015-09-21 15:42:34.119000+00:00,3, 4.508711184832743,9.674708026086204,-5.3032297023827555,11.03287001039401
2015-09-21 15:47:14.173000+00:00,3, 4.467299167672577,9.695990419879182,-5.279249022752797,11.040049839861469
2015-09-21 16:17:24.098000+00:00,3, 4.183762259407816,9.821831821343034,-5.104915863302204,11.069261325767908
2015-09-21 17:01:24.134000+00:00,3, 3.7453402263035995,9.949635174242704,-4.81208519559177,11.052212630517074
2015-09-22 07:35:04.079000+00:00,3, 6.659370708093263,5.274385104031345,-2.9264853377455955,6.031869913854882
2015-09-22 07:51:54.192000+00:00,3, 6.708077135858847,5.50837410001483,-3.150945506673424,6.345915443160241
2015-09-22 07:54:14.144000+00:00,3, 6.714324745932914,5.542771686079196,-3.1844870864744803,6.392438968650693
2015-09-22 08:00:04.098000+00:00,3, 6.728147694849405,5.624240408409171,-3.26444571512042,6.502975165149459
2015-09-22 08:01:44.150000+00:00,3, 6.73134875548694,5.644372315876879,-3.284312613742666,6.530363556880007
2015-09-22 10:15:44.106000+00:00,3, 6.671982723643583,7.150003198905131,-4.792065156938458,8.607347687452693
2015-09-22 10:17:54.158000+00:00,3, 6.666674088155053,7.169211302208708,-4.80970181622247,8.633123551571053
2015-09-22 10:26:04.215000+00:00,3, 6.642865431859095,7.2501016833207945,-4.882811633900169,8.741042493355232
2015-09-22 10:29:44.118000+00:00,3, 6.632482438289251,7.2830710684389235,-4.912037996616871,8.784716356726605
2015-09-22 10:32:44.120000+00:00,3, 6.623317296995792,7.3111790293460714,-4.936677327913517,8.82179810691024
2015-09-22 11:16:54.206000+00:00,3, 6.461929303948959,7.709109275558861,-5.2530076616525285,9.328689903512059
2015-09-22 13:45:44.129000+00:00,3, 5.591032512362827,8.901440087008442,-5.657415695721313,10.547131741700904
2015-09-22 13:59:14.140000+00:00,3, 5.490595274097117,8.996873002911094,-5.643043210342055,10.620153506625885
2015-09-22 14:10:44.150000+00:00,3, 5.402497413754916,9.075966063316828,-5.62449155724433,10.677455935755086
2015-09-22 17:05:04.096000+00:00,3, 3.8059960076356147,9.889005779938781,-4.7674689309171026,10.978214578105243
2015-09-22 17:07:44.148000+00:00,3, 3.779889538394734,9.893386352857789,-4.749669601475598,10.97444553725126
2015-09-23 07:38:54.083000+00:00,3, 6.78904163003324,5.331788122468423,-3.0015113424077637,6.11858111995729
2015-09-23 07:42:04.135000+00:00,3, 6.799782018394008,5.380772532120277,-3.048770231293327,6.184473539893305
2015-09-23 07:43:54.087000+00:00,3, 6.804204567063852,5.401600258104972,-3.0689544534022786,6.212549137465022
2015-09-23 07:46:04.138000+00:00,3, 6.8113374958354,5.436095013951984,-3.1024996638981897,6.259123993435663
2015-09-23 07:49:24.091000+00:00,3, 6.819508297590783,5.477133101492967,-3.1425933930050034,6.314655987876827
2015-09-23 07:52:54.094000+00:00,3, 6.828511869959823,5.524527966214439,-3.1891417935992976,6.378952471148158
2015-09-23 07:53:54.095000+00:00,3, 6.830980779352321,5.537975040036294,-3.202395275462191,6.397226199249762
2015-09-23 07:56:54.097000+00:00,3, 6.838114367635436,5.5780680563644065,-3.2420302166880144,6.451790694632856
2015-09-23 08:22:14.217000+00:00,3, 6.882857114461548,5.904584956484443,-3.57069097950514,6.900286775160998
2015-09-23 08:33:34.176000+00:00,3, 6.894208565552288,6.044072525599767,-3.713600483535073,7.093774823464717
2015-09-23 08:38:24.130000+00:00,3, 6.897234163715078,6.097442089230513,-3.7685404730669965,7.168033016711334
2015-09-23 08:55:24.144000+00:00,3, 6.901755417620261,6.293299785772931,-3.9707943914455726,7.4412922461589455
2015-09-23 09:03:44.101000+00:00,3, 6.900059894153962,6.3880187614282535,-4.06861607775987,7.573666251199974
2015-09-23 09:09:14.105000+00:00,3, 6.897606122778158,6.448240806808822,-4.130680259473829,7.657827949791067
2015-09-23 09:22:44.116000+00:00,3, 6.887197712644429,6.59271398439811,-4.278751596983151,7.85949062654599
2015-09-23 09:29:34.222000+00:00,3, 6.879414238431933,6.665861575282835,-4.353058593362062,7.961333409553669
2015-09-23 09:31:44.124000+00:00,3, 6.876897995165304,6.686550796307733,-4.373970534953901,7.990092602232373
2015-09-23 09:45:24.185000+00:00,3, 6.8565907289123444,6.823885965578247,-4.511325396496056,8.18031029388776
2015-09-23 09:46:54.186000+00:00,3, 6.853983088587871,6.838906139014366,-4.526170748183122,8.201027912399576
2015-09-23 10:15:24.210000+00:00,3, 6.791634603727435,7.116096414126188,-4.791719071751607,8.579009257351787
2015-09-23 10:56:24.094000+00:00,3, 6.6619045832902675,7.491808066853771,-5.1153910638771,9.071626857789562
2015-09-23 11:20:44.215000+00:00,3, 6.56356338565464,7.705925719689391,-5.273877738262215,9.337830454420782
2015-09-23 11:30:24.123000+00:00,3, 6.521482650297689,7.787168474739751,-5.328040141391533,9.435465256269037
2015-09-23 11:55:34.195000+00:00,3, 6.398087110366761,8.00075673713446,-5.452857663015152,9.682239671682657
2015-09-23 11:58:14.097000+00:00,3, 6.385192022608428,8.021359434855176,-5.4634659192070565,9.705239153852787
2015-09-23 12:06:54.155000+00:00,3, 6.340309986830264,8.090969564162059,-5.497342868587101,9.781848859137122
2015-09-23 12:32:34.077000+00:00,3, 6.19329873811485,8.299699616834822,-5.579860524924241,10.000992811081103
2015-09-23 12:38:44.132000+00:00,3, 6.157345111386349,8.346958965472204,-5.594376558777931,10.04832190232184
2015-09-23 14:45:34.192000+00:00,3, 5.233613773943776,9.244237097464291,-5.516541426955937,10.76513580171918
2015-09-23 15:00:04.204000+00:00,3, 5.109884962721584,9.329587192311092,-5.464373847852994,10.81205709973985
2015-09-23 16:26:14.178000+00:00,3, 4.307160473326688,9.721744073240234,-5.013209938379297,10.938216569068588
2015-09-23 16:31:04.132000+00:00,3, 4.257031043462718,9.737352444789545,-4.980896410754401,10.937337961712393
2015-09-23 16:36:34.137000+00:00,3, 4.201467921139791,9.753470197982015,-4.944755528384525,10.93530009366056
2015-09-23 16:45:44.195000+00:00,3, 4.109603721289738,9.777406538453501,-4.884354435020376,10.92952866619126
2015-09-23 16:49:24.098000+00:00,3, 4.073565169537269,9.785878647521141,-4.860468807813278,10.926462279060685
2015-09-23 16:53:54.102000+00:00,3, 4.026973722460091,9.796068355265893,-4.829453407734929,10.921839379817136
2015-09-23 16:59:14.206000+00:00,3, 3.969639654578311,9.807430820724955,-4.79110457931929,10.915144634556155
2015-09-23 17:03:14.210000+00:00,3, 3.927675048284469,9.814927676530594,-4.762927919869669,10.909550296203792
2015-09-23 17:07:44.214000+00:00,3, 3.8801976392303903,9.822577324652224,-4.730959018184044,10.902522576473253
2015-09-23 17:10:34.166000+00:00,3, 3.8483896573733776,9.827209757049005,-4.709496354875142,10.897403705728324
2015-09-25 07:30:14.186000+00:00,3, 7.000057027876988,5.222778147539681,-2.9364915469723143,5.991693765861026
2015-09-25 09:04:24.162000+00:00,3, 7.1370778881941925,6.35628800448196,-4.095509284699492,7.561454456450888
2015-09-25 09:07:44.115000+00:00,3, 7.135593825548473,6.393196652594733,-4.134027470350283,7.6133531748080125
2015-09-25 09:11:34.218000+00:00,3, 7.133382254793954,6.43500438822122,-4.177564121711264,7.67211336382848
2015-09-25 09:13:54.170000+00:00,3, 7.132072260613435,6.455761987154166,-4.19913622838422,7.701273134963697
2015-09-25 09:15:54.172000+00:00,3, 7.1306272224662965,6.476423825411386,-4.220576088504847,7.73028641676459
2015-09-25 09:19:44.125000+00:00,3, 7.127335256242633,6.51746544510943,-4.263054882314469,7.7878747266388855
2015-09-25 09:23:44.128000+00:00,3, 7.123512713611674,6.5581395719342686,-4.304992181044758,7.844880644332755
2015-09-25 09:26:14.130000+00:00,3, 7.1208569573360405,6.583378792755844,-4.330924390848475,7.880214616884087
2015-09-25 09:27:54.182000+00:00,3, 7.11916580690376,6.598456330084708,-4.3463798324238425,7.901306448160055
2015-09-25 09:30:44.134000+00:00,3, 7.115565155708915,6.628465371872834,-4.377055058099918,7.943246450145894
2015-09-25 09:34:14.137000+00:00,3, 7.110999261510931,6.663234428489939,-4.412441935262108,7.991766818487214
2015-09-25 09:38:14.140000+00:00,3, 7.105304356770284,6.702659928011281,-4.452349130254159,8.046680240213547
2015-09-25 09:42:34.094000+00:00,3, 7.098296547308157,6.74662890814848,-4.496553611697813,8.10777380093558
2015-09-25 09:53:24.203000+00:00,3, 7.07951299759863,6.847710333064363,-4.596794536051227,8.247524283821592
2015-09-25 09:56:44.155000+00:00,3, 7.072507775504979,6.88095436406621,-4.629288302930879,8.293240811167518
2015-09-25 09:59:14.157000+00:00,3, 7.067279612487735,6.904567928473726,-4.652212096142874,8.325631247323294
2015-09-25 10:39:44.191000+00:00,3, 6.957534832717499,7.273401937466474,-4.989041448494189,8.820028929586005
2015-09-25 11:43:44.095000+00:00,3, 6.695643115819166,7.814974898863241,-5.379109420293163,9.487288908078492
2015-09-25 12:01:04.209000+00:00,3, 6.606773031705987,7.956112893192878,-5.453721261964906,9.645869995621858
2015-09-25 12:05:34.213000+00:00,3, 6.582790014301573,7.9919668981947884,-5.470629696866318,9.685005120394976
2015-09-25 12:10:34.217000+00:00,3, 6.555608816109709,8.031595601898452,-5.4883196975455055,9.72770173344663
2015-09-25 12:52:14.152000+00:00,3, 6.30898334492201,8.351825125487142,-5.590451191224973,10.050180468438715
2015-09-25 13:46:44.198000+00:00,3, 5.931228299025927,8.745365995543942,-5.604649774837024,10.387180825161224
2015-09-25 14:48:14.099000+00:00,3, 5.437156390863718,9.138139430024719,-5.466521926072688,10.648401486176503
2015-09-25 14:52:34.203000+00:00,3, 5.39833697678543,9.164084651227487,-5.450518998700671,10.662485866347499
2015-09-25 14:54:34.204000+00:00,3, 5.380970570100766,9.175474375124294,-5.443165612646174,10.668522948152493
2015-09-26 10:15:34.142000+00:00,3, 7.146699645806671,7.024411222344182,-4.795099752033175,8.505018204127696
2015-09-26 10:42:04.164000+00:00,3, 7.067788880432881,7.258233793948851,-5.001987257883917,8.814864396895405
2015-09-26 10:55:34.175000+00:00,3, 7.020270829745779,7.373984136272088,-5.096152903261301,8.963616259937226
2015-09-26 11:21:04.195000+00:00,3, 6.917669357720761,7.5872739301682115,-5.2525767967611205,9.228016509374237
2015-09-26 15:06:34.079000+00:00,3, 5.38508348091072,9.178135112379271,-5.371790886307343,10.634580455631708
2015-09-26 16:08:14.179000+00:00,3, 4.800176207921054,9.453684820367101,-5.056036989699831,10.720805320686141
2015-09-27 11:41:04.112000+00:00,3, 6.942986825341371,7.704646777698741,-5.3410531174277045,9.374882952458009
2015-09-27 11:43:24.214000+00:00,3, 6.933255625354074,7.720520951386631,-5.350123089640818,9.393096445534228
2015-09-27 11:49:14.169000+00:00,3, 6.90349042529716,7.767940707332506,-5.376255599702631,9.446958616717199
2015-09-27 11:59:04.127000+00:00,3, 6.851996734846382,7.846304456820268,-5.416204664599283,9.53413690891549
2015-09-27 13:19:54.144000+00:00,3, 6.356115291197768,8.44529290106266,-5.572450058288856,10.118061664017612
2015-09-30 11:57:24.214000+00:00,3, 7.203771293243624,7.6801677466744245,-5.349238660817531,9.359451419150753
2015-09-30 16:40:54.154000+00:00,3, 4.849374097998941,9.255198453379162,-4.732670799758982,10.395040707487555
2015-10-01 06:52:14.208000+00:00,3, 7.535259318949121,4.710972250595503,-2.561193316116565,5.362179663942736
2015-10-01 07:01:24.115000+00:00,3, 7.5792026493623155,4.831627960537037,-2.676470797259411,5.52341603336429
2015-10-01 07:04:44.218000+00:00,3, 7.595181336881459,4.877646772676301,-2.721080326614441,5.585312541200151
2015-10-01 16:10:34.162000+00:00,3, 5.260234569637948,9.111494541801642,-4.896913911360767,10.344036863843812
2015-10-01 17:12:54.163000+00:00,3, 4.567907887068689,9.230436684584745,-4.483495280530014,10.261709960755212
2015-10-01 17:21:04.220000+00:00,3, 4.467573301871404,9.234586350700088,-4.422258124175988,10.238845246675861
2015-10-01 17:21:54.170000+00:00,3, 4.4616312610025854,9.234731341890592,-4.41863152559336,10.237410195741106
2015-10-01 17:23:04.221000+00:00,3, 4.443778174064067,9.235098865309393,-4.407736198732107,10.233043997249899
2015-10-01 17:42:34.088000+00:00,3, 4.208065994408898,9.230530253516674,-4.264267512694285,10.167923395704085
2015-10-01 17:47:24.192000+00:00,3, 4.152720188172841,9.226944277714052,-4.230758410363826,10.150656009879574
2015-10-01 17:53:04.097000+00:00,3, 4.0783748343343165,9.220641698476387,-4.185901055031385,10.126302433474638
2015-10-01 17:56:44.150000+00:00,3, 4.034716611621466,9.216151067243134,-4.159653230154368,10.111387416639738
2015-10-01 18:01:24.204000+00:00,3, 3.978271606940294,9.209484311883642,-4.125832512976488,10.0914367270456
2015-10-01 18:02:54.205000+00:00,3, 3.9593785415014837,9.207036840114823,-4.114542952694326,10.084591765897025
2015-10-01 18:10:14.161000+00:00,3, 3.8643294198992066,9.193089134267284,-4.0580002928539995,10.04889318320114
2015-10-02 07:38:24.084000+00:00,3, 7.829790387167299,5.271994472928954,-3.143915343224222,6.138251331442377
2015-10-02 07:44:04.139000+00:00,3, 7.8464396006606805,5.341055444035833,-3.2162529211626496,6.234673697087289
2015-10-02 07:50:04.144000+00:00,3, 7.861550616341273,5.408945457934912,-3.2879403371364173,6.329869084545387
2015-10-02 07:52:34.146000+00:00,3, 7.867399941967822,5.436896009105742,-3.317609464306079,6.369173476321964
2015-10-02 08:17:14.216000+00:00,3, 7.91128002947297,5.700927697152586,-3.601517575939253,6.7432562948445645
2015-10-02 09:32:14.127000+00:00,3, 7.907801482928221,6.417831193017038,-4.374079096038562,7.766667571131394
2015-10-02 09:44:14.137000+00:00,3, 7.889751174692919,6.5226003631413185,-4.481543674490957,7.913820139706308
2015-10-02 09:57:14.148000+00:00,3, 7.865166090012617,6.6337073558029465,-4.592299674571778,8.06816519312205
2015-10-02 10:17:24.215000+00:00,3, 7.8174475044627085,6.800317832622242,-4.7506976946199915,8.295387345407553
2015-10-02 10:21:24.218000+00:00,3, 7.8065004055950125,6.833069431126365,-4.780577827476522,8.339350227395041
2015-10-02 10:29:04.125000+00:00,3, 7.7832321566218505,6.898047787300553,-4.838494911431059,8.425799444790169
2015-10-02 10:39:54.084000+00:00,3, 7.749951809607698,6.98232815633073,-4.910724061998979,8.53628240487536
2015-10-02 10:58:44.199000+00:00,3, 7.682002225305803,7.132186594350593,-5.030243228909116,8.72762468021055
2015-10-02 12:06:04.206000+00:00,3, 7.364386734103694,7.641310208786186,-5.333100613464439,9.31834662696311
2015-10-02 12:09:14.108000+00:00,3, 7.347636865212191,7.6631628461846155,-5.342025694610066,9.341375879870077
2015-10-02 13:25:04.122000+00:00,3, 6.853428364076553,8.191932736692497,-5.437790863146404,9.832463141746972
2015-10-03 07:03:44.188000+00:00,3, 7.818528982499325,4.836057139649655,-2.726154763234416,5.551519472276225
2015-10-03 07:06:24.090000+00:00,3, 7.8295025438086165,4.86744332332234,-2.757188771433683,5.594112478943841
2015-10-03 07:34:14.212000+00:00,3, 7.932434609759313,5.203446921546444,-3.099336631549695,6.05654583248711
2015-10-03 09:00:34.083000+00:00,3, 8.045572433448665,6.092837971504534,-4.060425487164536,7.321866543704743
2015-10-03 09:51:24.225000+00:00,3, 7.988829918368573,6.5373987561498605,-4.525998136514539,7.951241514923492
2015-10-03 10:03:34.135000+00:00,3, 7.962407275219747,6.641565477977772,-4.62790495598651,8.094930282584935
2015-10-03 10:45:24.119000+00:00,3, 7.841888390858895,6.974693029569465,-4.924498611277361,8.537975721984546
2015-10-03 10:50:34.174000+00:00,3, 7.822270951825623,7.017582791457722,-4.958785378042475,8.59278887558931
2015-10-03 14:45:34.221000+00:00,3, 6.2896280273811405,8.605369960752967,-5.2396042573617745,10.07501091489201
2015-10-03 14:48:04.223000+00:00,3, 6.266696224800688,8.618386141819716,-5.230609063286925,10.081460750429446
2015-10-03 14:49:14.124000+00:00,3, 6.257487332423578,8.623555315746874,-5.226949778749062,10.083982857646626
2015-10-03 15:30:34.109000+00:00,3, 5.857289978254951,8.817355183050259,-5.045898792958253,10.159077076823506
2015-10-03 15:32:14.161000+00:00,3, 5.842172316616468,8.823531574379437,-5.038350652159806,10.160693221340265
2015-10-03 15:33:04.111000+00:00,3, 5.832068847760047,8.827614270465334,-5.033282242068492,10.161727404159455
2015-10-03 15:42:44.169000+00:00,3, 5.735088715304271,8.864976394258372,-4.983713435746194,10.169818389744986
2015-10-04 07:10:54.132000+00:00,3, 7.964078216271757,4.903649977369592,-2.817950371187861,5.65567214352411
2015-10-04 07:42:24.158000+00:00,3, 8.069666263731344,5.267562370564759,-3.1949629543782536,6.160763070240508
2015-10-04 07:59:14.122000+00:00,3, 8.108938972629302,5.450921712560271,-3.391597339745621,6.41992835095771
2015-10-04 08:11:14.131000+00:00,3, 8.129633842495116,5.5754068433397626,-3.526926909476188,6.597300576262015
2015-10-04 09:36:54.102000+00:00,3, 8.124982239746123,6.367910565659424,-4.384229307054763,7.73121928217502
2015-10-04 11:50:24.213000+00:00,3, 7.6663831542561836,7.4071110856835745,-5.219299098278757,9.061256960982288
2015-10-04 13:41:14.106000+00:00,3, 6.9371688769749555,8.162529487180967,-5.353417190055969,9.761452926684916
2015-10-04 13:52:34.215000+00:00,3, 6.84542289012677,8.233484276709282,-5.337897472317751,9.812411159332614
2015-10-05 06:40:04.132000+00:00,3, 7.9349221942268215,4.502319107227182,-2.4491937770999384,5.125370962290245
2015-10-05 07:09:44.207000+00:00,3, 8.075639937324386,4.8688430235909355,-2.808490357313244,5.62078735369802
2015-10-05 07:13:24.109000+00:00,3, 8.089567246299993,4.910235338743469,-2.8505388510003864,5.677674068041225
2015-10-05 11:44:24.184000+00:00,3, 7.804342679080123,7.302794484458005,-5.164271206443892,8.944300105426679
2015-10-05 11:46:04.085000+00:00,3, 7.794038232345823,7.317199985581461,-5.171663002285741,8.960330007215388
2015-10-05 11:55:14.143000+00:00,3, 7.746407564679687,7.381695804121439,-5.202853347765659,9.031008576174667
2015-10-05 11:59:24.197000+00:00,3, 7.724580454444907,7.410186861768878,-5.215623934320103,9.061655607590966
2015-10-05 12:29:34.122000+00:00,3, 7.5450717479060305,7.6237750677627565,-5.29078532477263,9.27978208993457
2015-10-05 13:48:54.139000+00:00,3, 6.976998607595563,8.139257639836478,-5.303858266787932,9.71485601755431
2015-10-05 14:16:14.112000+00:00,3, 6.745856337395161,8.300715832913415,-5.249149409248279,9.821173700703547
2015-10-05 14:20:04.215000+00:00,3, 6.710842990279626,8.32318189465108,-5.238785426693065,9.834644355459895
2015-10-05 14:24:04.219000+00:00,3, 6.67547908648171,8.345365540448698,-5.227826471868063,9.847603547243008
2015-10-05 14:25:14.120000+00:00,3, 6.666583441817247,8.350866339454589,-5.224994468633432,9.850763209857684
2015-10-06 09:56:34.133000+00:00,3, 8.309522125509634,6.431580777446177,-4.506550229344704,7.853293975550768
2015-10-06 10:39:14.218000+00:00,3, 8.190522458239297,6.762467483785244,-4.8059429268469245,8.296267467081972
2015-10-06 10:41:14.220000+00:00,3, 8.183632214261797,6.777630770915562,-4.81837724910147,8.315830576768631
2015-10-06 10:43:14.222000+00:00,3, 8.176628915140535,6.792761445002996,-4.83065825592956,8.335278473710378
2015-10-06 10:45:14.223000+00:00,3, 8.169512906592038,6.807859951222917,-4.842785405589947,8.354611157921108
2015-10-06 10:51:04.178000+00:00,3, 8.147492123020857,6.852966618301981,-4.878238578252808,8.411917920303031
2015-10-06 14:09:34.196000+00:00,3, 6.898020685158112,8.190816016380435,-5.222042236492959,9.71386597261413
2015-10-06 14:11:44.097000+00:00,3, 6.880654504921814,8.202163320070957,-5.2173791177853435,9.720932464934625
2015-10-06 14:17:14.102000+00:00,3, 6.8324349580611505,8.23302291960209,-5.203782466218115,9.739713463465566
2015-10-06 14:18:54.154000+00:00,3, 6.819166694690505,8.241349228472012,-5.199878863135672,9.744669173292717
2015-10-06 14:24:44.108000+00:00,3, 6.765591467755267,8.274256401613478,-5.183435561080163,9.763776073605541
2015-10-06 14:26:04.210000+00:00,3, 6.752072384562889,8.282381461636446,-5.179119063184699,9.768373300949458
2015-10-06 14:35:14.117000+00:00,3, 6.669909167204162,8.330242530211063,-5.151517331580276,9.794440843136947
2015-10-06 14:37:14.119000+00:00,3, 6.651407184913037,8.340665073484852,-5.144991750124613,9.799879283792244
2015-10-06 14:38:54.170000+00:00,3, 6.637472729402963,8.348429575167062,-5.140005170923324,9.803873190155134
2015-10-06 14:42:04.223000+00:00,3, 6.604766104324486,8.366369269331544,-5.128063990702995,9.812908592438838
2015-10-06 14:43:04.224000+00:00,3, 6.595371809419502,8.371448617341764,-5.124574062005521,9.81541701965704
2015-10-06 14:46:24.177000+00:00,3, 6.567056952012353,8.386561146176973,-5.113897474644132,9.8227468276311
2015-10-06 14:47:44.128000+00:00,3, 6.5528254012033225,8.394045924733662,-5.108443538955862,9.826301561484753
2015-10-06 14:49:24.179000+00:00,3, 6.538544457903562,8.401482402805419,-5.102913007449918,9.829782689675834
2015-10-06 15:13:54.200000+00:00,3, 6.298336066711988,8.515681159604481,-5.00208185626529,9.876115051416784
2015-10-06 15:15:24.201000+00:00,3, 6.283205789828303,8.522201649507135,-4.995287670774274,9.878300454463389
2015-10-06 15:16:54.203000+00:00,3, 6.26802685335053,8.528664653635385,-4.988424487975313,9.880409892631041
2015-10-06 15:20:24.206000+00:00,3, 6.232420362303769,8.54351853477089,-4.9721446260613895,9.88503571750982
2015-10-06 15:22:24.207000+00:00,3, 6.211955115602331,8.551862139702465,-4.962676510420595,9.887492311175606
2015-10-06 15:23:24.208000+00:00,3, 6.201690165424799,8.55599408614912,-4.957897810793919,9.888669551789759
2015-10-06 15:56:34.136000+00:00,3, 5.845426643158956,8.677960420890896,-4.781612415647063,9.908118608495714
2015-10-06 15:57:44.187000+00:00,3, 5.834423998532976,8.681077889669337,-4.7758968225436,9.908092843029273
2015-10-06 16:02:34.141000+00:00,3, 5.779092439582994,8.696178802128081,-4.746954943232508,9.907426860273123
2015-10-06 16:22:04.158000+00:00,3, 5.558246638824683,8.74700158104984,-4.628611668842448,9.896165047119661
2015-10-06 16:28:24.113000+00:00,3, 5.4886815884910325,8.75993025333219,-4.590573549048456,9.889880866444646
2015-10-06 17:27:54.163000+00:00,3, 4.758101914722519,8.810337993802882,-4.181280499303186,9.752187558640353
2015-10-07 11:18:14.183000+00:00,3, 8.142494630928354,6.990555038888845,-4.985272024627361,8.586081580748369
2015-10-07 11:18:54.084000+00:00,3, 8.140223443808537,6.994165390507955,-4.987581318805751,8.59036186208005
2015-10-07 11:34:24.097000+00:00,3, 8.066495603634719,7.105291351827916,-5.054181288271315,8.71951338602519
2015-10-07 11:34:44.197000+00:00,3, 8.064010909814662,7.10885067592636,-5.05616790327687,8.723565314637467
2015-10-07 11:35:34.148000+00:00,3, 8.059021725802129,7.11596459593562,-5.060110647175868,8.731647719203504
2015-10-07 11:36:44.199000+00:00,3, 8.054006170658608,7.123072206683356,-5.064012706422478,8.739701502478972
2015-10-07 11:37:44.199000+00:00,3, 8.048964263669175,7.1301735288813655,-5.06787406236512,8.747726679769647
2015-10-07 11:44:14.205000+00:00,3, 8.015552063749245,7.176178619794039,-5.091978362073701,8.799192191503483
2015-10-07 12:06:04.173000+00:00,3, 7.8943311120371,7.32989330658186,-5.1606895665153765,8.964376871139132
2015-10-07 12:08:04.175000+00:00,3, 7.882695690243901,7.343711190121931,-5.165945355470767,8.978701769166413
2015-10-07 12:53:54.164000+00:00,3, 7.590965719110043,7.65023588946618,-5.240695419399382,9.273133108253653
2015-10-07 12:59:34.219000+00:00,3, 7.548700479380801,7.689401184201751,-5.244157840501554,9.307420804266734
2015-10-07 13:46:14.158000+00:00,3, 7.192030483138209,7.980175484037158,-5.221401219792397,9.536573360179075
2015-10-07 13:47:24.209000+00:00,3, 7.1838017778355585,7.986141685180587,-5.219964907752104,9.540780505490233
2015-10-08 06:02:04.105000+00:00,3, 8.048241087375061,3.947961943333033,-2.007658566793019,4.4291191479597085
2015-10-08 06:04:44.157000+00:00,3, 8.066331226480361,3.9819921028201537,-2.0373981447203313,4.4729467140836725
2015-10-08 06:31:54.079000+00:00,3, 8.239913322127718,4.33386094411486,-2.358152881841868,4.933886469819026
2015-10-08 06:38:44.185000+00:00,3, 8.278691174616105,4.420585669426608,-2.440921708065605,5.049720432424532
2015-10-08 06:40:54.086000+00:00,3, 8.289319626929679,4.445037557841007,-2.464521018952617,5.082540973123226
2015-10-08 06:42:24.088000+00:00,3, 8.29716101648929,4.463282418338766,-2.4822045809896607,5.1070764168688525
2015-10-08 06:55:04.148000+00:00,3, 8.360539156716396,4.6180971552095755,-2.634797761813287,5.31685814937836
2015-10-08 06:57:24.100000+00:00,3, 8.369573739732017,4.641399607420683,-2.6581532015185547,5.348679160176671
2015-10-08 07:01:24.103000+00:00,3, 8.38708183900846,4.687602741351737,-2.7047542275999,5.411960355772006
2015-10-08 07:02:34.154000+00:00,3, 8.393456029965238,4.704792235186089,-2.7221900293031913,5.43556699267933
2015-10-08 07:12:24.112000+00:00,3, 8.431439764171431,4.811964316261994,-2.832069643421882,5.583513145517839
2015-10-08 07:15:14.214000+00:00,3, 8.442590539241909,4.845212257051207,-2.8665568564385597,5.62967406046515
2015-10-08 07:24:24.122000+00:00,3, 8.47366372261148,4.943294791403387,-2.969342223958467,5.766555006041169
2015-10-08 07:40:04.185000+00:00,3, 8.520328698591113,5.11177726591146,-3.14924985731283,6.004002121924518
2015-10-08 08:02:14.103000+00:00,3, 8.567330640941039,5.332077146688788,-3.389642677842809,6.318284908240069
2015-10-08 08:19:04.217000+00:00,3, 8.590679496117367,5.494164517875421,-3.568900597321332,6.551556702268692
2015-10-08 08:22:04.220000+00:00,3, 8.593666518585765,5.5220903076489405,-3.5998822219488087,6.5918611467273385
2015-10-08 08:27:14.124000+00:00,3, 8.597904284376742,5.568204424719739,-3.6510591124241203,6.658463272999536
2015-10-08 08:30:54.177000+00:00,3, 8.600324793772,5.600173134254256,-3.6865333121784563,6.7046600954429145
2015-10-08 08:48:54.192000+00:00,3, 8.60581262099281,5.7607648530106665,-3.8641865195501537,6.936739086166939
2015-10-08 09:01:44.152000+00:00,3, 8.602708627610086,5.873072945930134,-3.9871986320693686,7.098643445038799
2015-10-08 09:03:34.104000+00:00,3, 8.60171721173549,5.890098405086218,-4.00570832834988,7.12312841618139
2015-10-08 09:07:04.107000+00:00,3, 8.599656667144501,5.919738061356271,-4.037826524509439,7.165705949667631
2015-10-08 09:16:14.164000+00:00,3, 8.592473960227212,5.995081203924733,-4.118783566400283,7.273608231716955
2015-10-08 09:18:04.116000+00:00,3, 8.590512871881348,6.011659566020924,-4.13644851108689,7.297277370540593
2015-10-08 09:34:14.179000+00:00,3, 8.570129435474762,6.142277214406575,-4.273360229819546,7.482591598665636
2015-10-08 09:35:24.080000+00:00,3, 8.568581647723756,6.150328002563283,-4.281651142131733,7.493935617686613
2015-10-08 09:45:24.089000+00:00,3, 8.55136124426231,6.230156946317301,-4.362786740343051,7.605837476403164
2015-10-08 09:48:14.191000+00:00,3, 8.54558246372396,6.253873808805299,-4.386489420439266,7.638862942355132
2015-10-08 09:58:34.149000+00:00,3, 8.523160453896713,6.336092243642375,-4.467075921379471,7.752472651181255
2015-10-08 10:07:14.207000+00:00,3, 8.502538255774038,6.4018013117678505,-4.529554186058093,7.842188544009189
2015-10-08 10:14:44.213000+00:00,3, 8.48253295795573,6.459192930128142,-4.582585548866953,7.919675727029586
2015-10-08 10:15:34.164000+00:00,3, 8.479738615459311,6.4668054158709145,-4.589505851444878,7.929888791602576
2015-10-08 10:16:34.164000+00:00,3, 8.47691454002727,6.474408797406063,-4.59639048624796,7.940073978118829
2015-10-08 10:21:54.119000+00:00,3, 8.462349963998822,6.512291438097459,-4.6302756306410355,7.990581467604577
2015-10-08 10:30:44.076000+00:00,3, 8.434282495318357,6.579937566811367,-4.688984811274444,8.079737430356133
2015-10-08 10:31:44.077000+00:00,3, 8.43101808625965,6.587412331204108,-4.695324894315145,8.089504130938773
2015-10-08 10:32:44.078000+00:00,3, 8.42772467709811,6.594879037773567,-4.701628083415034,8.099242937313472
2015-10-08 10:33:54.129000+00:00,3, 8.424402316903974,6.602337720585263,-4.707894294333923,8.108953820517472
2015-10-08 13:15:54.114000+00:00,3, 7.529712050082159,7.720172273786169,-5.201473749120459,9.30894135225515
2015-10-08 13:17:04.165000+00:00,3, 7.518313003790904,7.729570677517405,-5.201066140738918,9.316509639295056
2015-10-08 14:49:34.093000+00:00,3, 6.712679561552631,8.24847093436812,-5.008916247625179,9.650208014899947
2015-10-08 15:50:54.096000+00:00,3, 6.073925367821499,8.494202483771288,-4.723252347291716,9.719083731067606
2015-10-08 15:51:34.146000+00:00,3, 6.062757931837481,8.497358414560772,-4.717701420558721,9.719146398683813
2015-10-08 15:53:44.198000+00:00,3, 6.040356163839397,8.50357572149703,-4.706524638419401,9.71916530486454
2015-10-08 15:57:44.201000+00:00,3, 5.995285120013339,8.515627587598683,-4.683875618314262,9.718775849792534
2015-10-08 16:00:14.204000+00:00,3, 5.966934738647815,8.522897154931947,-4.669523429061473,9.718241866104233
2015-10-08 16:03:14.206000+00:00,3, 5.932730631792431,8.531349516025212,-4.652105222220301,9.717304542062733
2015-10-08 16:05:54.108000+00:00,3, 5.904074293769629,8.538164265644948,-4.637429900472149,9.716275269306108
2015-10-08 16:08:24.110000+00:00,3, 5.875279016873117,8.544768235958367,-4.622611591374115,9.715019409705231
2015-10-08 16:09:14.211000+00:00,3, 5.863722021038119,8.547350237011818,-4.61664477267772,9.714453408773883
2015-10-08 16:09:54.112000+00:00,3, 5.857935195850934,8.548628391081422,-4.613652985284026,9.714156743507052
2015-10-08 16:10:44.212000+00:00,3, 5.846344890588171,8.551158900959846,-4.607652735864185,9.713536033998201
2015-10-08 16:11:34.163000+00:00,3, 5.834732375488209,8.553654873706353,-4.601630389784105,9.712878767011615
2015-10-08 16:13:34.165000+00:00,3, 5.811440736184992,8.558542567773536,-4.589520040340943,9.71145432389417
2015-10-08 16:15:04.166000+00:00,3, 5.793913761083609,8.562116486344053,-4.5803804607876675,9.710289588436076
2015-10-08 16:31:04.030000+00:00,3, 5.603856538811624,8.595191580886903,-4.480007072030865,9.692666386376644
2015-10-08 16:38:14.086000+00:00,3, 5.5189250304392665,8.606653361706087,-4.4345416310793,9.68192344352826
2015-10-08 16:39:44.087000+00:00,3, 5.500584549609088,8.608862761881811,-4.424684636831826,9.679377675673726
2015-10-09 05:51:04.150000+00:00,3, 8.08539288376948,3.782106233501557,-1.8843926981869659,4.225548887715262
2015-10-09 06:45:54.144000+00:00,3, 8.431129393330425,4.477789698268763,-2.521644345799154,5.138997060577356
2015-10-09 06:48:04.196000+00:00,3, 8.44335276827279,4.507120682599378,-2.550604516613406,5.178775941058253
2015-10-09 07:04:24.159000+00:00,3, 8.514626003180231,4.689933662930278,-2.7347467186086276,5.4290254537649085
2015-10-09 07:06:44.111000+00:00,3, 8.524698884267375,4.717753373333771,-2.763302619425416,5.467452629710252
2015-10-09 07:31:24.181000+00:00,3, 8.60883578620248,4.980380265800383,-3.039238218345314,5.834479971670542
2015-10-09 07:50:24.196000+00:00,3, 8.656637874059081,5.172427691295521,-3.247276413782891,6.107275360518091
2015-10-09 07:54:34.100000+00:00,3, 8.665821524880343,5.216543674423972,-3.2956486147030275,6.170383107941252
2015-10-09 07:58:04.103000+00:00,3, 8.672411265545211,5.250511221332619,-3.3330131727456505,6.2190710636746855
2015-10-09 08:07:04.110000+00:00,3, 8.687165119958228,5.336514913143907,-3.428006562294578,6.3426824301191385
2015-10-09 08:15:34.117000+00:00,3, 8.698250898623536,5.416038689995675,-3.516206473371396,6.457335600300558
2015-10-09 08:24:54.075000+00:00,3, 8.707035196536404,5.498533110697535,-3.6078864223359277,6.576527260333759
2015-10-09 08:26:24.076000+00:00,3, 8.708208187058176,5.51211817363658,-3.622988380175853,6.596172493425556
2015-10-09 08:29:34.129000+00:00,3, 8.710625166170045,5.543639873283612,-3.6580226901137247,6.641767313452557
2015-10-09 08:59:44.203000+00:00,3, 8.713424189002088,5.8044327147855395,-3.9458273695695505,7.018617582609611
2015-10-09 09:05:14.208000+00:00,3, 8.710550206937013,5.850579175430982,-3.9959993977521275,7.0850044371773
2015-10-09 09:27:54.127000+00:00,3, 8.68827816605963,6.03470746903401,-4.192140272202099,7.347906797084021
2015-10-09 09:34:44.082000+00:00,3, 8.677977528729492,6.090599107498655,-4.25003997520762,7.42685917997145
2015-10-09 09:37:14.085000+00:00,3, 8.673918458339477,6.110413433822065,-4.270345697950994,7.454730358117705
2015-10-09 09:38:24.135000+00:00,3, 8.672239136769722,6.118318118881965,-4.278412432360733,7.465830800735993
2015-10-09 09:44:14.090000+00:00,3, 8.661498569188204,6.165499973970872,-4.326139340829478,7.531857109990027
2015-10-09 09:56:44.101000+00:00,3, 8.635503392795961,6.262509407689688,-4.421788780975259,7.666240284843706
2015-10-09 10:46:24.192000+00:00,3, 8.486248368925692,6.632377890428054,-4.747306391943388,8.156307648711238
2015-10-09 11:02:34.106000+00:00,3, 8.420693567823534,6.7514986057192425,-4.835831007675968,8.304697162319
2015-10-09 11:19:44.170000+00:00,3, 8.345196610234275,6.872389707016224,-4.916097458982717,8.449719197187495
2015-10-09 12:43:54.141000+00:00,3, 7.858911011773127,7.4433125787799925,-5.143516604182036,9.047577863877203
2015-10-09 13:04:44.108000+00:00,3, 7.709099155674793,7.578022165927997,-5.15571729232673,9.165579127676162
2015-10-09 13:53:54.200000+00:00,3, 7.317466540682445,7.874271079454944,-5.115993061087756,9.390289134730548
2015-10-09 13:54:14.150000+00:00,3, 7.313171589007741,7.877135891568818,-5.115108174136493,9.392209616877151
2015-10-09 14:35:34.135000+00:00,3, 6.936026064295572,8.100735252008802,-5.009608758314458,9.524604534284824
2015-10-09 14:56:04.152000+00:00,3, 6.734809285943497,8.19910216693099,-4.935270828934991,9.569857600754
2015-10-09 15:00:54.106000+00:00,3, 6.689332103136851,8.219450350286824,-4.917110006696042,9.57796089357127
2015-10-09 15:04:44.209000+00:00,3, 6.648514172664358,8.237137213898436,-4.900428674275753,9.584603834914331
2015-10-09 15:12:14.216000+00:00,3, 6.570983524836442,8.269249609913613,-4.8678128978654485,9.595628771460559
2015-10-09 15:19:14.221000+00:00,3, 6.497450632611234,8.297937149385438,-4.835835153781906,9.604221080842725
2015-10-09 15:22:14.224000+00:00,3, 6.465591051954921,8.30983878352731,-4.821687408772593,9.607397674507432
2015-10-09 17:12:03.966000+00:00,3, 5.155518096226592,8.54361800086045,-4.15513864786204,9.500451869652489
2015-10-10 06:22:34.167000+00:00,3, 8.42136612493306,4.173122351968859,-2.253848969025717,4.742866784939293
2015-10-10 06:47:14.087000+00:00,3, 8.55371392993859,4.464904345687905,-2.5351788882291926,5.134442794643421
2015-10-10 07:08:04.204000+00:00,3, 8.644470795306825,4.6992508378598465,-2.7730481717732784,5.456441569383987
2015-10-10 07:14:04.209000+00:00,3, 8.666752028005154,4.763715170831944,-2.8402145902871654,5.546151922522003
2015-10-10 07:18:14.112000+00:00,3, 8.680731714265665,4.806103540935229,-2.8847602507225925,5.605396770108181
2015-10-10 07:31:04.223000+00:00,3, 8.721435689560751,4.940731959463785,-3.02810977472501,5.794849532390984
2015-10-10 07:32:34.224000+00:00,3, 8.725674521706736,4.955966687388633,-3.0444988366154933,5.816406018552948
2015-10-10 11:56:04.144000+00:00,3, 8.257454063425463,7.056908417174478,-5.006264576863826,8.652320002285489
2015-10-11 10:34:04.115000+00:00,3, 8.737962373496561,6.417371370172921,-4.602236510211124,7.897039711096515
2015-10-11 10:49:44.178000+00:00,3, 8.680458425277958,6.528105052779754,-4.689495601622767,8.0378806023583
2015-10-11 10:54:34.132000+00:00,3, 8.660427411170206,6.563490157626089,-4.715764883440614,8.081945402262145
2015-10-11 11:03:24.089000+00:00,3, 8.624735980995773,6.623288739075635,-4.758286565423327,8.15532002804637
2015-10-11 11:28:04.160000+00:00,3, 8.507978889271772,6.796693384585366,-4.867484617214956,8.35987125875098
2015-10-11 12:19:44.103000+00:00,3, 8.213675877179348,7.142456348276415,-5.015679421162228,8.727641304665559
2015-10-11 12:47:34.077000+00:00,3, 8.024257698042174,7.323120331246386,-5.052091367042336,8.896725159678581
2015-10-11 13:11:44.147000+00:00,3, 7.845864069236833,7.472782481416612,-5.0585559124923565,9.023938493494866
2015-10-11 13:25:04.108000+00:00,3, 7.739109961292908,7.554444474111168,-5.052269964091298,9.088182607237151
2015-10-11 13:32:34.114000+00:00,3, 7.6778269731647875,7.598921024557762,-5.04573136620514,9.121568163280498
2015-10-11 13:54:34.133000+00:00,3, 7.489988901654002,7.725236321928405,-5.014216548833083,9.20986665637638
2015-10-11 14:12:54.099000+00:00,3, 7.327415275401659,7.823337555735631,-4.975081282974688,9.271248259171395
2015-10-11 14:37:24.119000+00:00,3, 7.093399673064474,7.947883325110989,-4.903317487872082,9.338702893681193
2015-10-11 14:38:04.170000+00:00,3, 7.083537817351578,7.952722181353443,-4.899951083499431,9.34105511783751
2015-10-11 14:38:54.121000+00:00,3, 7.078597802878233,7.955133956081701,-4.89825532384558,9.342219301471447
2015-10-12 06:21:14.077000+00:00,3, 8.643238695475617,4.098354178813226,-2.2323617621150755,4.666898971688734
2015-10-12 06:21:54.127000+00:00,3, 8.646191538930271,4.104300394086379,-2.2379598392424267,4.674799029579731
2015-10-12 06:22:44.078000+00:00,3, 8.652059785629948,4.116167530441619,-2.2491541669868473,4.690578813487325
2015-10-12 06:23:24.128000+00:00,3, 8.654975218866278,4.122088461588734,-2.2547503609146253,4.6984585211756
